Date,gold_close,silver_close,gsr,gsr_zscore_30,gsr_zscore_90,gsr_slope,gold_ret_5,gold_ret_20,silver_ret_5,silver_ret_20,gold_vol_20,silver_vol_20,vol_ratio
2025-01-21,2755.0,31.31100082397461,87.98824462648655,0.3823704956266569,1.2138714849175491,-0.8589201486357041,0.03048438376659801,0.06280381602296026,0.040543725259645,0.07620131201513614,0.0077408713148902275,0.016143177477858133,0.4795134864562786
2025-01-22,2767.60009765625,31.23900032043457,88.59438744094066,0.6592463593407913,1.4456418569948049,-0.2646329596886261,0.03365083012371617,0.05283986345510949,0.036738362938846025,0.053236698622580514,0.007309582341009509,0.015761423577558276,0.4637640949778912
2025-01-23,2763.10009765625,30.67300033569336,90.08248516337359,1.496414694564764,2.00857774181046,3.4737179979059363,0.018654413882488452,0.05772692493566112,-0.020626453699400082,0.02626471609299852,0.007085235302159304,0.01637715578874123,0.4326291691644148
2025-01-24,2777.300048828125,31.02300071716309,89.52390112577402,1.1560967761863603,1.7223401285207502,2.4002187395207812,0.011251146075997642,0.06003818657562032,-0.015861434147281805,0.034996989184034266,0.0071040083542284966,0.016527473315646416,0.42983027221125164
2025-01-27,2737.5,30.253999710083008,90.4839038220672,1.8327147204316518,2.0420150108777024,1.8179469907198182,-0.002477880955848333,0.03740334596996342,-0.022519482366623378,0.00688916760329672,0.008000737839725767,0.017565259893925943,0.45548644813917144
2025-01-28,2766.800048828125,30.726999282836918,90.04458988527291,1.406846186902415,1.8074054705141291,2.056345258786365,0.004283139320553575,0.05716036239006694,-0.018651640821730764,0.036148999203165166,0.007865198961741017,0.017572758826385596,0.44757906481544474
2025-01-29,2769.10009765625,31.238000869750977,88.64524043014808,0.28518249589925987,1.2247967210313349,0.05085298920741366,0.0005419858169792846,0.06254556382795551,-3.199368332351682e-05,0.07324949850677531,0.007705944112275248,0.017174201605505323,0.4486930041513574
2025-01-30,2823.0,32.36399841308594,87.22655229332105,-0.8824451312146322,0.6513982137207738,-2.8559328700525413,0.021678513346135686,0.07371065435390167,0.05512985553698213,0.1183136771196267,0.008453999168590902,0.0184624524495133,0.4579022852846272
2025-01-31,2812.5,32.12799835205078,87.54046763764458,-0.67721433366308,0.7630498780539563,-1.9834334881294353,0.012674162154977742,0.057768288877988905,0.03561865742653203,0.0845992381809193,0.008400780861499525,0.018184131799676363,0.4619841603682745
2025-02-03,2833.89990234375,32.391998291015625,87.48765287289397,-0.7623589232142244,0.7245387833043658,-2.9962509491732305,0.03521457619863022,0.07141773245510397,0.07066829514842854,0.08676100638590012,0.008240349937740622,0.018201182516395357,0.4527370642164506
2025-02-04,2853.300048828125,32.88800048828125,86.75808825303385,-1.2919052960527404,0.42474270370770323,-3.286501632239066,0.0312635530119485,0.08145093785573376,0.07032906746124712,0.08391014151041243,0.008147613429784073,0.01810526403169172,0.4500135107404327
2025-02-05,2871.60009765625,32.85699844360352,87.39690883770554,-0.7151246424467137,0.6611375323823854,-1.2483315924425398,0.037015635544108916,0.08088988234805439,0.051827822804764834,0.07915387066726898,0.008138383721568273,0.01814136510784626,0.4486092239028015
2025-02-06,2856.0,32.518001556396484,87.82827551830927,-0.36979903540265197,0.8141354273892875,0.6017232249882198,0.011689691817215797,0.07187089510227063,0.004758470858417629,0.06784453943467761,0.008402915228608837,0.018406617160083523,0.45651599941087206
2025-02-07,2867.300048828125,32.334999084472656,88.67481459756742,0.30751882091322147,1.124613475232509,1.134346959922837,0.01948446180555563,0.06837320093206078,0.006443001215127531,0.050144480526720825,0.008358073622792594,0.018419872913188525,0.4537530558535103
2025-02-10,2914.300048828125,32.391998291015625,89.96975187037,1.304615180749207,1.5898840599181623,2.4820989974760295,0.028370849096639228,0.07598303445749499,0.0,0.04184486521325126,0.008767754379004417,0.018343498924975738,0.4779761164903284
2025-02-11,2912.5,32.23099899291992,90.36331764459983,1.505820525559425,1.6926958790806652,3.6052293915659845,0.0207478884655643,0.08939592294744725,-0.01997693643903442,0.071117590570696,0.007931443373004133,0.01658499328987733,0.478230122519561
2025-02-12,2909.0,32.69499969482422,88.97385004290149,0.42962906376615895,1.1352273828124748,1.5769412051959506,0.01302406361327102,0.08646125116713343,-0.0049304183721273764,0.0850590643813085,0.008004604471195406,0.016748918859443473,0.47791768163484794
2025-02-13,2925.89990234375,32.650001525878906,89.6140816417615,1.0237151388069945,1.3515636064820276,1.7858061234522324,0.024474755722601493,0.07867277505760373,0.004059289106481234,0.04249820464774556,0.007740626289897659,0.01458411943108986,0.5307571928817651
2025-02-14,2883.60009765625,32.80099868774414,87.91196039813528,-0.35933514490671264,0.679729160514464,-0.762854199432141,0.005684807502021494,0.049956379329687106,0.014411616405310523,0.040541761301462254,0.008463428077717014,0.014560701647674023,0.5812513903867395
2025-02-18,2931.60009765625,33.31700134277344,87.99111503148897,-0.2703558246436147,0.7004289387523329,-1.9786368388810303,0.005936262065768361,0.06825057227547182,0.02855652940727582,0.07644344650642343,0.008991652307822345,0.014044171466423316,0.6402408521798177
2025-02-19,2919.39990234375,32.99300003051758,88.48543326291603,0.11250684410064819,0.8750728238507651,-1.8778843816837991,0.0023690651824035402,0.0596732857872051,0.023641868431228064,0.05371911348343339,0.00914485358023619,0.014226747662559509,0.6427929838316228
2025-02-20,2940.0,33.444000244140625,87.90814431700905,-0.41956439680168633,0.6392333065046626,-1.0657057258924425,0.010656583018219257,0.06229220127927704,0.022908718651402094,0.07058484269945353,0.009184931569783467,0.014377796764727935,0.638827472670655
2025-02-21,2937.60009765625,32.97600173950195,89.08296769457344,0.5829010692251813,1.0659542491272949,-0.5311139471880608,0.003998836495783031,0.06315370194080794,0.0099846921405089,0.07508236490085562,0.009164925512573764,0.014077609603664585,0.6510285318743328
2025-02-24,2947.89990234375,32.57500076293945,90.49577385421193,1.695811292230954,1.5629780203867667,2.583813456076655,0.022298447256872356,0.061426511545847884,-0.006889970849854987,0.05002739934560041,0.009153130409451779,0.01438322940002374,0.6363751946719748
2025-02-25,2904.5,31.801000595092773,91.33360415232326,2.1609929267216805,1.8204917787840502,3.342489120834287,-0.009244131789296839,0.061004566210045574,-0.045502316732639825,0.05113376412488635,0.009192567527838787,0.014281948742362877,0.6436493852251371
2025-02-26,2916.800048828125,32.25299835205078,90.43500442936843,1.3403425556906523,1.4492452701309064,1.949571166452401,-0.0008905438112598585,0.05421425377794553,-0.0224290509436037,0.04966313355779706,0.009019639152017884,0.014217044588513576,0.6344243415614769
2025-02-27,2883.199951171875,31.801000595092773,90.66381237126177,1.419714366076302,1.4938525461707854,2.755668054252723,-0.019319744499362246,0.04120466920361543,-0.04912688784397745,0.018022911507342032,0.009559647753256092,0.014267739355267308,0.67001839010515
2025-02-28,2836.800048828125,31.2189998626709,90.86774276264167,1.4832320314781864,1.5347964645672376,1.7847750680682282,-0.034313740971260165,0.00488843387464577,-0.05328122829173498,-0.03537877291305502,0.009459191725783016,0.01227606169178442,0.7705396049054923
2025-03-03,2890.199951171875,32.03200149536133,90.22851574199682,0.930861093760559,1.2886812752929206,-0.2672581122151172,-0.019573239622553085,0.027626649305555473,-0.01666920199111388,-0.002987950124920369,0.010265515077438846,0.013665094716753779,0.7512216556284125
2025-03-04,2909.60009765625,32.108001708984375,90.61915855205942,1.1593187026969802,1.4428959339331455,-0.7144456002638435,0.0017559296458082851,0.026712374438452313,0.009653819318470536,-0.008767491881166878,0.010238963116567119,0.013540677157085228,0.7561632995000941
2025-03-05,2915.300048828125,32.858001708984375,88.72420406597622,-0.31622325688164576,0.6949648641474138,-1.7108003633922095,-0.000514262196547377,0.02172922543686351,0.018758050037078977,-0.0009121496853408129,0.010159382162493935,0.014137018532246864,0.7186368285024279
2025-03-06,2916.60009765625,33.0629997253418,88.2134144477146,-0.6986267256725065,0.47339518568175964,-2.450397923547172,0.011584401723785831,0.015670705693570763,0.03968425856524038,0.006269631783069274,0.010083210425330533,0.014201560385983048,0.7100072211278045
2025-03-07,2904.699951171875,32.54800033569336,89.24357629388592,0.11868188399486426,0.8844877516550761,-1.624166468755746,0.02393538535498796,0.017051803631608964,0.0425702450068417,0.0009225283800065043,0.01004348664713323,0.014456988991304496,0.694714968184186
2025-03-10,2891.0,32.275001525878906,89.57396942899983,0.37452746441339646,1.0169825377335193,-0.6545463129969846,0.00027681435251580844,0.00826559856599629,0.007586164434737697,-0.0018554990039434394,0.010091402026057981,0.01452798921252802,0.6946179459822144
2025-03-11,2912.89990234375,32.88800048828125,88.57029491293285,-0.363997340720858,0.5665559220774962,-2.0488636391265658,0.0011341093541199498,-0.0004804400579611068,0.024292971775899064,0.015312491461917599,0.009536111158620113,0.015135737069372818,0.630039430185164
2025-03-12,2939.10009765625,33.48400115966797,87.77625122043194,-0.9303060860421353,0.1815441942355657,-0.9479528455442789,0.008163841947483874,0.009133080740343358,0.019051659203987104,0.0388756850826526,0.009742319578894513,0.015542203252775248,0.6268300202003152
2025-03-13,2984.300048828125,34.05099868774414,87.6420711238127,-0.9930470607373495,0.10009698022150974,-0.5713433239018997,0.02321194161183704,0.025885200697189692,0.029882314690432343,0.041474201118729015,0.010280510017812036,0.01565843274785527,0.6565478284677088
2025-03-14,2994.5,34.1870002746582,87.59177394747128,-1.0538182476233051,0.058560700814442215,-1.651802346414641,0.030915430281153844,0.02344581152666869,0.050356394311802166,0.04707499776258972,0.01023947516783007,0.015640812038170616,0.654663910213942
2025-03-17,3000.0,34.07400131225586,88.043666269419,-0.7206679039532958,0.26105959520798216,-1.530303159580825,0.037703216879972246,0.040366173672402805,0.05573972738419464,0.03880987395019053,0.009552565052024132,0.015682406165668034,0.6091262368230606
2025-03-18,3035.10009765625,34.57899856567383,87.77293222913514,-0.9516387802277212,0.10860851695575727,-0.797362683797715,0.04195138844770341,0.03530495175066539,0.05141687096468872,0.03787847561419633,0.009212066844506227,0.01564177514567583,0.5889399865879611
2025-03-19,3035.89990234375,33.974998474121094,89.35688119769037,0.2651324073659621,0.882652058904703,1.5806299772584254,0.032935184740625845,0.03990546136090223,0.014663639273926998,0.029763842108786465,0.009114560714922575,0.01603742737274932,0.5683305996078879
2025-03-20,3040.0,33.7859992980957,89.97809930610354,0.7395746150535617,1.1693845491335768,2.336028182290846,0.01866432673006435,0.03401360544217691,-0.007782426356376382,0.010226021153525,0.009036862817126557,0.01585048571567675,0.5701316022252079
2025-03-21,3018.199951171875,33.290000915527344,90.6638590617793,1.249570075747517,1.4765277873260223,3.072085114308024,0.007914493628944808,0.027437313056985158,-0.02623802474403636,0.00952205117242122,0.009239895766480278,0.015884552485281263,0.5816906566956815
2025-03-24,3013.10009765625,33.26499938964844,90.57869090458728,1.100469436742383,1.399741081294653,2.53502463516827,0.004366699218750103,0.02211750652071398,-0.02374249842845544,0.021181845296961432,0.009250446771925084,0.015604817053225244,0.5927943109088343
2025-03-25,3023.699951171875,34.00199890136719,88.92712337127612,-0.2805680950483142,0.5605959951341024,1.1541911421409878,-0.0037561023088426015,0.041039749069332165,-0.016686419163087662,0.06921160545539728,0.00847110069112607,0.015114789469677824,0.5604511202832277
2025-03-26,3020.89990234375,34.03300094604492,88.76384151762021,-0.380057255124735,0.4611852696453042,-0.593039680070163,-0.004940874364276593,0.03568974621947385,0.0017072104349911132,0.055188747866629306,0.008479550190942183,0.014907945892376049,0.5687940010084582
2025-03-27,3060.199951171875,34.89699935913086,87.69235198931706,-1.2397650028546787,-0.10938438250352503,-2.285747316786484,0.0066447207802220465,0.06139012312623637,0.0328834453358251,0.09735538838723934,0.008223359212431855,0.015170848313669197,0.5420500582701407
2025-03-28,3086.5,34.64400100708008,89.09190365654425,-0.04157647975730249,0.6048204916800014,-1.5719554052350588,0.022629398294704117,0.08802169588054864,0.04067287636874739,0.10970886830056692,0.006959875169249856,0.014471633843949502,0.48093223227588333
2025-03-31,3122.800048828125,34.457000732421875,90.62889927879783,1.1781981533748311,1.4049284814013003,0.05020837421055546,0.0364076690506252,0.08047889474288406,0.035833499613541875,0.07570551710331674,0.006332344728040506,0.013793640132403827,0.4590771302757602
2025-04-01,3118.89990234375,34.15800094604492,91.30803372452276,1.6107488179923608,1.7424231890880046,2.380910353246634,0.03148458931415443,0.07193421695857638,0.004588025696085296,0.06384698915993026,0.006395940844079249,0.014070059511981422,0.45457809461521875
2025-04-02,3139.89990234375,34.499000549316406,91.01422801670023,1.2739866452987492,1.5453557042588852,2.2503864990800224,0.03939223537584757,0.07704176234137838,0.01369258044596977,0.04994213753063792,0.006424481641711795,0.013361114684277836,0.4808342562369852
2025-04-03,3097.0,31.8439998626709,97.25537034782039,4.025655855629029,4.339475030983717,9.563018358503328,0.012025373967486264,0.061852806796762305,-0.08748601749511564,-0.03686900380477487,0.007490992282355279,0.022182868356955508,0.33769268075769177
2025-04-04,3012.0,29.11599922180176,103.44827862698408,4.244667338411501,5.749032943580546,14.35637497043983,-0.024137372428316817,0.03694014894200537,-0.15956591688554034,-0.10544430006435557,0.01004516546485029,0.028992647785531248,0.3464728554341739
2025-04-07,2951.300048828125,29.51000022888184,100.01016692435154,2.6366169580487777,3.971980650992906,9.381267645553706,-0.054918661879859276,0.020857851548988338,-0.14357025853632177,-0.08567005937335181,0.011113547719663662,0.029276350171486713,0.37960837517538454
2025-04-08,2968.39990234375,29.59199905395508,100.31089474325366,2.3621363043497032,3.709321271063083,9.002861018730897,-0.048254193694034275,0.019053177884809536,-0.13367298336053612,-0.10021896696032373,0.011065892360765089,0.0288258652846111,0.3838876041189541
2025-04-09,3056.5,30.322999954223636,100.79807422135572,2.184315271832754,3.5394664839036043,9.78384620465549,-0.026561325181575612,0.03994416605183648,-0.12104700219135822,-0.09440332982821098,0.012698343661676742,0.029137804224631147,0.43580304005688986
2025-04-10,3155.199951171875,30.67099952697754,102.87242019604318,2.30733240729217,3.768759223228559,5.617049848222791,0.01879236395604611,0.057266326960272895,-0.036835835345810586,-0.09926284957930331,0.014117475242452831,0.028951233502940574,0.4876294905023277
2025-04-11,3222.199951171875,31.823999404907227,101.25062881552893,1.793153190132299,3.1039482449978397,-2.1976498114551504,0.06978750038906867,0.076039389270955,0.09300728999462748,-0.06911986576086349,0.014703030089489416,0.03042555481089797,0.4832460798454533
2025-04-14,3204.800048828125,32.09199905395508,99.86289864461277,1.4138675948213855,2.612367758899137,-0.14726827973876766,0.08589435022056047,0.06826668294270832,0.08749572365459368,-0.05816758179168957,0.014841594645887076,0.03053457028183031,0.4860587363405148
2025-04-15,3218.699951171875,32.22700119018555,99.87587526921686,1.318320861103426,2.5031081573152796,-0.43501947403679253,0.08432153923414987,0.060492190573023796,0.08904441134328467,-0.06801808823414224,0.014715967177182274,0.030308494584701803,0.48553936376009094
2025-04-16,3326.60009765625,32.92599868774414,101.03262559183942,1.4123184994692797,2.652943074390472,0.23455137048370034,0.08836908151684941,0.09575420951398161,0.08584238820202672,-0.030875638954803164,0.016190626631019597,0.03059245632061562,0.5292359155910299
2025-04-17,3308.699951171875,32.41999816894531,102.05737625060186,1.469944016540766,2.7476728303732014,-0.8150439454413174,0.048649848623060654,0.0883881418328536,0.05702450748073584,-0.04043098199044193,0.01633339901697569,0.030745824771238536,0.5312395793088276
2025-04-21,3406.199951171875,32.49599838256836,104.81905836747713,1.762618394658788,3.1744726038397046,3.568429551948199,0.05710384296079507,0.12855344452886608,0.021116107033282372,-0.023851081739941882,0.017011465175352243,0.030599814859658462,0.5559335980747864
2025-04-22,3400.800048828125,32.880001068115234,103.43065505937551,1.4216374120687103,2.736042220302245,3.5677564147627407,0.06115826167428762,0.12867144754780924,0.024554469568421666,-0.011573675893498114,0.01700893239886837,0.030728449560312395,0.5535239376618731
2025-04-23,3276.300048828125,33.518001556396484,97.74747588442918,0.48271025560133535,1.5018096409572779,-2.1283993847876843,0.01789545422998451,0.08354006737948705,0.040059587257039064,-0.014234379172079814,0.01952359945908577,0.03062948977312748,0.6374118408010384
2025-04-24,3332.0,33.48199844360352,99.51616256157352,0.7116866399770385,1.8171611936582504,-1.5164630302658964,0.0016232496198007595,0.10298259052373249,0.01688634446998072,-0.01619024144579384,0.01968667782043646,0.030628731953437273,0.6427519706125852
2025-04-25,3282.39990234375,32.98899841308594,99.49983510386606,0.6574994398799007,1.759772978643198,-2.557541146735801,-0.00794875607224832,0.07260961855998516,0.017550903031378517,-0.054675215092546026,0.02008082168479086,0.030164295849467986,0.6657149162374706
2025-04-28,3332.5,32.9900016784668,101.01545409060061,0.848714326371595,1.999724469476396,-3.803604276876513,-0.021637000830359132,0.0797019277498785,0.015201973180901884,-0.04774273411074137,0.020221210745285812,0.03014608394521319,0.6707740475358386
2025-04-29,3318.800048828125,33.275001525878906,99.73853934302605,0.584383616357258,1.6934881058842803,-3.6921157163494627,-0.024111973307062273,0.06276418500555359,0.012013395527128434,-0.03430360105111474,0.020213524217626982,0.030225971043362027,0.6687468928170666
2025-04-30,3305.0,32.53099822998047,101.59540683735067,0.8476709752740025,1.9923041871165235,3.8479309529214873,0.008759866539739036,0.05966850603842788,-0.029446962246699293,-0.047631672551166626,0.020257962584407044,0.030554940465423695,0.6630012127607048
2025-05-01,3210.0,32.18899917602539,99.72351058341796,0.46826561011343065,1.5830186374829456,0.2073480218444388,-0.03661464585834329,0.022325583565235396,-0.0386177446891659,-0.0669585013046643,0.02144148449140051,0.03047631749033275,0.7035457777404328
2025-05-02,3231.89990234375,31.98900032043457,101.03160054924294,0.6545502360334698,1.7785063584277259,1.5317654453768768,-0.015385084542544947,0.04355825067605745,-0.030313078321732023,0.0045534624541199165,0.02117558525954182,0.02506591917908241,0.8447958803446918
2025-05-05,3311.300048828125,32.20500183105469,102.81943364571089,0.9254652517319144,2.0419476010157878,1.8039795551102742,-0.006361575745498893,0.09936920611823541,-0.023795083585112176,0.10609296235108823,0.02050746484099015,0.014722433377045463,1.3929398976234757
2025-05-06,3411.39990234375,33.112998962402344,103.02298218947709,0.9041677631470174,2.0076800656050007,3.284442846451043,0.027901606650970745,0.15589734893214846,-0.0048685967257001694,0.12209416149018537,0.02035577851759914,0.015505657730718297,1.3127968430047476
2025-05-07,3381.39990234375,32.53099822998047,103.9439330585147,1.0289895668316578,2.0952354346849646,2.348526221164036,0.02311646061838135,0.13913219700415325,0.0,0.0993173584071394,0.02067769505445379,0.01636482746825069,1.26354494690338
2025-05-08,3296.60009765625,32.37799835205078,101.81605613206314,0.5517742004961285,1.6677879208522972,2.0925455486451767,0.02697822356892532,0.07855393347169959,0.005871545585864668,0.06777028661179374,0.02110096967695256,0.01580064275273465,1.335450083086055
2025-05-09,3335.39990234375,32.67599868774414,102.07491848121434,0.5692536113634484,1.6642159781786863,1.0433179319714014,0.03202450667638024,0.05711205437390632,0.02147608116627242,0.06537117119391711,0.020129360488602005,0.015747600309726557,1.278249389919367
2025-05-12,3220.0,32.38800048828125,99.41953660168286,-0.19123061831678737,1.179754844165059,-3.399897044028023,-0.02757226692894721,-0.0006827481860878226,0.005682305443935665,0.017722507978901403,0.021301027120761963,0.013714660059147381,1.5531574992669714
2025-05-13,3240.300048828125,32.86800003051758,98.58525148532134,-0.5767848304623983,1.0151072969699786,-4.437730704155754,-0.050155319931290854,0.01107713412978173,-0.007398874748945183,0.02418051225970186,0.021300384419804978,0.013969957097150319,1.524727976734443
2025-05-14,3181.39990234375,32.22600173950195,98.72152084085744,-0.7294719050842068,1.0160106936569697,-5.222412217657265,-0.05914710054299521,-0.011588544876494189,-0.009375565063276525,-3.101283540762889e-05,0.02169309759472472,0.014698421461415746,1.4758794100217105
2025-05-15,3220.699951171875,32.48099899291992,99.15643148395498,-0.9188411745508133,1.0659713275698934,-2.6596246481081636,-0.02302376516288307,-0.031834348396426404,0.0031811923562785616,-0.013515146466608452,0.02043273526326587,0.013936475487486813,1.46613362048474
2025-05-16,3182.0,32.15800094604492,98.94893669972825,-1.112407061869929,1.0080172060414598,-3.1259817814860895,-0.04599145734697585,-0.038292970967947815,-0.01585254506371081,-0.008081346011652557,0.020553984183866336,0.013684233349650174,1.502019415972016
2025-05-19,3228.89990234375,32.3129997253418,99.9257243149559,-0.5166171696613544,1.1476848046809123,0.5061877132730359,0.0027639448272516187,-0.052052155296146485,-0.0023156959926127207,-0.005631421292928374,0.019619251043682052,0.013720719746597233,1.4298995538151464
2025-05-20,3280.300048828125,32.97999954223633,99.46331395872701,-0.7678270263927784,1.0457474002031018,0.8780624734056772,0.01234453581373307,-0.035432838823183044,0.0034075548136411893,0.0030413160241062887,0.0200472719321803,0.014258632804203347,1.405974346030603
2025-05-21,3309.300048828125,33.4630012512207,98.89429892984882,-1.0473886571404023,0.9283754778502575,0.1727780889913788,0.04020247388269249,0.0100723375479006,0.03838513762017404,-0.0016409183907709624,0.01837759905074656,0.013958711229152876,1.3165684674645897
2025-05-22,3292.300048828125,33.047000885009766,99.62477564254624,-0.6101789515211552,1.029327549139508,0.46834415859126466,0.022231222635377135,-0.011914751252063316,0.017425630665276692,-0.012991983119719053,0.018004627397979714,0.014233472809723365,1.2649497166763226
2025-05-23,3363.60009765625,33.44200134277344,100.58010772680919,-0.034276820228408104,1.1641235220807657,1.6311710270809385,0.05707105520309552,0.024738056826811405,0.03992786737219234,0.013731939479187272,0.01831350886335893,0.014085210306749968,1.3001942082882965
2025-05-27,3299.10009765625,33.145999908447266,99.53237515141227,-0.6003496564705652,0.9660020515706031,-0.3933491635436326,0.02174121138333951,-0.010022476322205542,0.025779104081512516,0.0047286517745857015,0.01855713573760354,0.014249021029369164,1.3023446101563587
2025-05-28,3293.60009765625,33.0,99.8060635653409,-0.442594280845342,0.9901533420440992,0.34274960661389287,0.0040545220346157596,-0.007593091117608308,0.0006064420267215542,-0.008264508287551209,0.018539031010858253,0.014146947749372571,1.3104615454369282
2025-05-29,3317.10009765625,33.28300094604492,99.663491973984,-0.5190135394012044,0.9448351847147959,0.7691930441351786,0.002357008646250547,0.0036611490639182342,-0.005379084315373928,0.023116496787098484,0.018584609191456013,0.013274718312754783,1.4000002676967775
2025-05-30,3288.89990234375,32.891998291015625,99.99088146742686,-0.31233730709065194,0.9782694264782074,0.36610582488061993,-0.0010327571709587424,0.024579408829828564,-0.004690367956035946,0.021839731988742006,0.017432351041658547,0.013334927975368286,1.30726998104968
2025-06-02,3370.60009765625,34.5629997253418,97.5204734670326,-1.5809906890396437,0.5450160389290152,-3.059634259776587,0.0020811035190768656,0.04291599353430331,0.03352067273361903,0.08046514048964992,0.018179167858067193,0.017206948700830182,1.0565015433090763
2025-06-03,3350.199951171875,34.50299835205078,97.09880622513337,-1.7752136652615744,0.46091142614752495,-2.4335689262788947,0.015489027917621412,0.011747622314539852,0.04094003642526056,0.07135526751562482,0.01747747035117344,0.017240549853095182,1.0137420499982326
2025-06-04,3373.5,34.51900100708008,97.72878419361187,-1.3453311733449596,0.553834740306963,-2.077279371729034,0.02425913892843501,-0.01110977998144147,0.04603033354788111,0.04246072807461987,0.01613296722825504,0.01624406800118012,0.9931605326376985
2025-06-05,3350.699951171875,35.68899917602539,93.88607213795889,-3.0465234677428774,-0.10846544764158339,-5.7774198360251035,0.01012928537772062,-0.009079065493139638,0.0722891013908522,0.0970766689579945,0.01608379984101807,0.01700463528943346,0.9458479742292627
2025-06-06,3322.699951171875,36.025001525878906,92.23316614671013,-3.072705079890637,-0.39631075016836964,-7.757715320716727,0.01027700745894955,0.007917203404252948,0.09525122819062815,0.11263831488820641,0.015136450209598671,0.016882915404377696,0.896554288584176
2025-06-09,3332.10009765625,36.6879997253418,90.82261564003015,-2.9442375634074844,-0.6445539252624503,-6.697857827002451,-0.0114222983695903,-0.0009893280518420422,0.061481932033866205,0.12278128285953338,0.01491664243461863,0.017113355268014187,0.8716375135680532
2025-06-10,3320.89990234375,36.54199981689453,90.87898634404766,-2.4927223176485827,-0.646198564385883,-6.219819881085712,-0.008745761224752013,0.03133537339868009,0.05909635574389305,0.12825735661317839,0.012543681470511442,0.016927064646431286,0.7410429234200397
2025-06-11,3321.300048828125,36.16600036621094,91.83487295241912,-1.9665216229956477,-0.4924161645890724,-5.893911241192754,-0.015473529323217772,0.024997685022809524,0.04771283383296776,0.10034076708747719,0.012498229592181869,0.017182230532502913,0.7273927310275279
2025-06-12,3380.89990234375,36.2130012512207,93.36149409129085,-1.4141517691889722,-0.23949624530743097,-0.5245780466680401,0.00901302760974243,0.06270824357950966,0.01468245362137588,0.12371995582782991,0.012138843047462962,0.01622602047113753,0.748109684013727
2025-06-13,3431.199951171875,36.28099822998047,94.57292022181834,-1.0098696488285792,-0.0420420817623588,2.3397540751082033,0.032654167271930046,0.0653584634369333,0.007106084476295349,0.11699145207599226,0.012252556339432735,0.016244137788926676,0.7542755730491939
2025-06-16,3396.39990234375,36.37900161743164,93.36154790779923,-1.2509672604025233,-0.2720450204124103,2.538932267769084,0.01929708076078729,0.06737897622368005,-0.008422320928462068,0.13125817983738375,0.012136362568983424,0.015845592470929426,0.7659140919627326
2025-06-17,3386.60009765625,37.09000015258789,91.3076323462877,-1.66898327173626,-0.652493097677529,0.42864600224004334,0.01978385294483931,0.04884022425038026,0.014996451711435821,0.14783525107078455,0.011902349091698345,0.0161128800906916,0.7386853886273457
2025-06-18,3389.800048828125,36.86600112915039,91.94922001311852,-1.4035402164538289,-0.546042897178976,0.11434706069940148,0.020624453976739954,0.03338109269580958,0.019355216386975682,0.11782903701794778,0.011474045257271595,0.016031674637277202,0.7157109607621335
2025-06-20,3368.10009765625,35.97600173950195,93.62074535253448,-0.907665797932523,-0.25038738460500015,0.25925126124363373,-0.0037859164888693897,0.017768122551760523,-0.006544597341562763,0.0750978810721461,0.011481367330766065,0.01719688507487232,0.6676422666534166
2025-06-23,3377.699951171875,36.15299987792969,93.42793025687085,-0.9015245313140562,-0.29289272254382726,-1.1449899649474844,-0.015592212858865251,0.02593928289559977,-0.003527972169878435,0.09398731835689245,0.011397346853243232,0.016769107787729463,0.6796632830747897
2025-06-24,3317.39990234375,35.70100021362305,92.92176360587995,-0.9854474061191346,-0.39619213310606277,-0.4397843019192891,-0.023259922939429023,-0.013735341292412273,-0.0186371635741569,0.06754975121540574,0.011111477541828115,0.017095706725268875,0.6499571921998655
2025-06-25,3327.10009765625,36.084999084472656,92.20175092336079,-1.116920142050641,-0.5365762431050034,0.8941185770730868,-0.01756924298241702,0.00848716291448448,-0.027096281045582926,0.08866829132152332,0.010234666953694892,0.01691681469516206,0.6049996490546087
2025-06-26,3333.5,36.58599853515625,91.11409100387871,-1.3293325609569535,-0.7499053297185682,-0.8351290092398074,-0.016608663643033594,0.012114373682507118,-0.007595144182121261,0.10866662227746215,0.010226655273926891,0.01691065118413125,0.6047463910510709
2025-06-27,3273.699951171875,36.0369987487793,90.84274675572885,-1.306628898348719,-0.8116515814101647,-2.777998596805631,-0.02802771406647475,-0.013083761480408795,0.0016954916146327825,0.0827448764971308,0.010904499979655972,0.01748301356765845,0.6237197001224111
2025-06-30,3294.39990234375,35.85200119018555,91.88887071792213,-0.9502941139938685,-0.6265403316740551,-1.5390595389487203,-0.02466176689235655,0.0016722916973181956,-0.008325690503152128,0.08999158010957453,0.01084294975815586,0.017227629450305062,0.6293930217987047
2025-07-01,3336.699951171875,36.08200073242188,92.47546930438494,-0.7334072901420982,-0.5301502294400875,-0.4462943014950014,0.005817824017686046,-0.01005759968616493,0.010671984440745463,0.0439487607890221,0.009672920138917082,0.01337005493303304,0.7234764694211132
2025-07-02,3348.0,36.42599868774414,91.9123735961278,-0.8344472794798726,-0.6471943986022074,-0.289377327232998,0.006281717330498315,-0.0006566626481817606,0.009449899180355326,0.055734296366711567,0.009615844837882796,0.013431128727918228,0.7159372106899027
2025-07-03,3331.60009765625,36.78400039672852,90.57198949879727,-1.1444835300561267,-0.9047119638992146,-0.5421015050814475,-0.0005699422060146953,-0.012420306015636595,0.0054119572924054005,0.06561601794860406,0.009530252007750286,0.013508372918736664,0.7055070262778604
2025-07-04,3332.5,36.775001525878906,90.6186230245263,-1.0605565627482403,-0.8930996939154064,-0.22412373120255324,0.017961343343966707,-0.00543168634526936,0.020479029961522732,0.030429610662297657,0.009419431041666194,0.011432207639608918,0.8239380650357415
2025-07-07,3332.199951171875,36.6150016784668,91.0064126292676,-0.891068828391143,-0.8208669845884897,-0.8824580886545306,0.011474031674549412,0.0028591206367127864,0.0212819497643586,0.01637751915607999,0.009223406581598408,0.011348628520055162,0.8127331479128878
2025-07-08,3307.0,36.47200012207031,90.67229625278583,-0.9480092396817705,-0.8850133569275613,-1.8031730515991171,-0.008900995476516904,-0.007532816218187799,0.0108086963508649,-0.005887472876377253,0.009358222682499605,0.010607077799943541,0.8822620950842291
2025-07-09,3311.60009765625,36.35100173950195,91.10065580552066,-0.7634348829687875,-0.803643453494372,-0.8117177906071333,-0.010872133316532251,-0.002800386931547272,-0.0020588851629048666,-0.005226809653265718,0.009337684779358577,0.010595827684354617,0.8812605355168465
2025-07-10,3317.39990234375,37.03799819946289,89.56747296326229,-1.2480841257992112,-1.0949514142008432,-1.0045165355349752,-0.0042622748518016396,-0.001174283090066175,0.006905116354798624,0.024110983366207206,0.009346816706315451,0.011130877854686675,0.8397196365226448
2025-07-11,3356.0,38.67599868774414,86.77216138864611,-2.161795680749675,-1.6059419412259657,-3.846461635880189,0.007051762940735173,-0.007364874164564439,0.0516926467162071,0.06801417588773906,0.008799114631893765,0.01470528800736295,0.5983639781477277
2025-07-14,3351.5,38.46200180053711,87.13795026532388,-2.021515383203625,-1.5260717675649051,-3.8684623639437206,0.0057919840078437534,-0.02322801128061769,0.05044380820434391,0.060114210660124234,0.008037977692348272,0.014838354274026867,0.5417027753824419
2025-07-15,3329.800048828125,37.83399963378906,88.0107860934249,-1.609587836186998,-1.3600340479059843,-2.6615101593609296,0.006894481048722367,-0.019608955196844358,0.03734370221430661,0.03999554555285645,0.007861783616181443,0.01545748425414479,0.508606930268965
2025-07-16,3352.5,37.85300064086914,88.56629443480293,-1.338212064564191,-1.251632491414557,-2.5343613707177326,0.01235049557242629,-0.010069124394063933,0.04131932627691515,0.020571595716966096,0.008034205091416401,0.01490128772718391,0.5391617985310005
2025-07-17,3340.10009765625,38.055999755859375,87.76802919602669,-1.7192877725945874,-1.3917247395372674,-1.7994437672356014,0.0068427672215407576,-0.0146616173390689,0.027485328740343373,0.032279026481340845,0.008058071256940294,0.01483079039132143,0.5433339049586767
2025-07-18,3353.0,38.22299957275391,87.72205314807587,-1.6137134038743959,-1.3952914152673501,0.9498917594297609,-0.0008939213349224984,-0.0044832686732670934,-0.01171266755507927,0.06245824228946306,0.008002977572869127,0.013530147161885525,0.5914922784737733
2025-07-21,3401.89990234375,39.10100173950195,87.00288358359285,-1.7829413815873516,-1.5246273204044059,-0.13506668173103265,0.015038013529389715,0.007164624306986944,0.01661379826974896,0.08154238573634753,0.008642438910318751,0.014239969205803367,0.6069141572860007
2025-07-22,3439.199951171875,39.31999969482422,87.46693738211256,-1.4564618239164515,-1.4368988617994682,-0.5438487113123358,0.032854796305937795,0.03671551589004185,0.039276842930136,0.10136969439360999,0.007801847048437293,0.013699407260976704,0.5695025266283716
2025-07-23,3394.10009765625,39.27799987792969,86.4122437039722,-1.7564902369440445,-1.6251035001750884,-2.1540507308307326,0.012408679390380373,0.02013765682829849,0.037645608351640325,0.08848554453285207,0.00847866725387895,0.013689765639144114,0.6193434918736153
2025-07-24,3371.0,39.02099990844727,86.38938028008465,-1.616999686850811,-1.6177204670030791,-1.378648915942037,0.00925119051534784,0.011249437528123574,0.025357372261369138,0.06655555323852047,0.008653228696784795,0.013701938905260664,0.6315331542941351
2025-07-25,3334.0,38.16699981689453,87.35294930161665,-1.149323572193457,-1.4369251067837083,-0.36910384645922534,-0.005666567253206134,0.018419540497759845,-0.0014650800953701637,0.05910595060825874,0.007982340252636498,0.014261050171866643,0.5597301851152299
2025-07-28,3309.10009765625,38.0260009765625,87.02203788654582,-1.2201563993221014,-1.4840736042094946,0.019154302952969715,-0.027278816940958572,0.004462176951268715,-0.02749292128373859,0.060638171209591585,0.008088136537237249,0.014221578417920185,0.5687228449301823
2025-07-29,3323.39990234375,38.08399963378906,87.26499144788217,-1.0521108128941934,-1.4245093104964694,-0.20194593423039464,-0.033670635750232325,-0.003985988858079326,-0.03143438633337159,0.05548469765337205,0.007600011717474947,0.014202568494639972,0.5351153011755008
2025-07-30,3295.800048828125,37.56600189208984,87.73358576447583,-0.7991140013806783,-1.324652182136396,1.321342060503639,-0.02896203588574331,-0.015591383265195602,-0.04358668952493738,0.031296415895640584,0.007759815871262997,0.014562690560077638,0.5328559196702197
2025-07-31,3293.199951171875,36.55199813842773,90.09630441269033,0.23337214198249998,-0.8948382392541022,3.7069241326056783,-0.023079219468444045,-0.011526037146951995,-0.06327366740504914,-0.006307151364684849,0.007698543948737885,0.01575213830446818,0.4887300885717942
2025-08-01,3347.699951171875,36.7869987487793,91.0022579997223,0.6954289688329363,-0.7378759143141377,3.6493086981056564,0.004109163518858816,0.004561125632970731,-0.03615691761825046,0.0003262331040816413,0.008598009334718533,0.015821668658714264,0.5434325241025015
2025-08-04,3374.39990234375,37.19200134277344,90.72918317151573,0.6461079913059272,-0.794567311644504,3.7071452849699114,0.019733402665501165,0.012664291396149219,-0.021932351874263678,0.015758559001950667,0.00876807295688258,0.015964662542228437,0.5492175568190045
2025-08-05,3381.89990234375,37.6870002746582,89.7365106720323,0.23426188282954474,-0.9846437384210058,2.4715192241501285,0.017602455834082598,0.022648896989340805,-0.010424308448386599,0.033313230656979,0.008555182138946236,0.016154751529484715,0.5295768321370845
2025-08-06,3380.0,37.76599884033203,89.49849345412636,0.1661955657727337,-1.0300326966204951,1.7649076896505278,0.025547651533597726,0.020654638339985265,0.005323881652795848,0.03892594517670278,0.008563488024276486,0.016110438694385974,0.5315490277282527
2025-08-07,3400.300048828125,38.15800094604492,89.11106359151569,-0.0021588072846819846,-1.0947513137571725,-0.9852408211746422,0.03252158971341501,0.02498949446094989,0.043937483295305224,0.030239289406258196,0.008634184411521834,0.01574963171498049,0.5482150038663637
2025-08-08,3439.10009765625,38.41699981689453,89.52026743493506,0.24374383629677307,-1.0130701888937466,-1.481990564787239,0.02730237112569789,0.02476165007635589,0.04430916148519248,-0.0066966304591297154,0.008620110643241178,0.012254948596346932,0.7033983517328453
2025-08-11,3353.10009765625,37.6619987487793,89.03138997010696,0.031520083363765744,-1.0941396014154523,-1.6977932014087713,-0.006312175587933622,0.0004774273179919408,0.012637056061442165,-0.02079982877403541,0.010430056032475854,0.012960828185140277,0.8047368488715884
2025-08-12,3348.89990234375,37.89899826049805,88.36381055048342,-0.2898168028596273,-1.188923959604953,-1.372700121548874,-0.009757828721403072,0.005736036169002645,0.0056252284420310605,0.001717995119155491,0.01032225118280952,0.012529939720976144,0.8238069306534035
2025-08-13,3358.699951171875,38.499000549316406,87.24122453177587,-0.9263821846361102,-1.362857617772164,-2.257268922350491,-0.0063017895941198665,0.001849351579977565,0.019409038063136652,0.01706601583785128,0.010229939701333294,0.013011526482085495,0.7862213334782863
2025-08-14,3335.199951171875,37.98199844360352,87.81001758304136,-0.5130647325509962,-1.2310301463245044,-1.30104600847433,-0.019145397971183753,-0.0014670657588415903,-0.004612466535924287,-0.0019445373326306692,0.010321287044959113,0.013348502221410782,0.7732168653651594
2025-08-15,3336.0,37.89400100708008,88.03504278623693,-0.3183263883356588,-1.1638002281232733,-1.4852246486981358,-0.029978801060926652,-0.005070086489710746,-0.013613733823755192,-0.008607345560298518,0.010281234324470291,0.013316324407574444,0.7720774899883209
2025-08-18,3331.699951171875,37.95100021362305,87.78951628199549,-0.4334691839068047,-1.1812163593553882,-1.2418736881114683,-0.006382197328178019,-0.020635513444563824,0.007673556222321132,-0.02941105022169066,0.00967437383632599,0.012152151233358135,0.7961038050423082
2025-08-19,3313.39990234375,37.26100158691406,88.92406970368195,0.4363922473126222,-0.9571757634858625,0.5602591531985297,-0.010600495994268155,-0.03657828873405855,-0.016834130263779667,-0.05236516083140219,0.009295885147061096,0.012584761709632354,0.738661991505651
2025-08-20,3343.39990234375,37.70500183105469,88.6725829460125,0.3349009860210795,-0.9812271026777413,1.4313584142366267,-0.004555348512982449,-0.014937743099418421,-0.020623878722374145,-0.0400478143429821,0.009199547537111195,0.012996648934045799,0.707839965809357
2025-08-21,3336.89990234375,38.027000427246094,87.75080508198283,-0.3679939107499438,-1.12358311748953,-0.059212501058524936,0.0005096999270697289,-0.010115721642316777,0.0011848240083889294,-0.025473449771490797,0.009093666328021343,0.01315342199546866,0.6913536516318035
2025-08-22,3374.39990234375,39.00299835205078,86.51642296537246,-1.3645577047841426,-1.3168189336585188,-1.5186198208644726,0.011510762093450255,0.012117547193686296,0.029265775993500887,0.021903700557207362,0.009099377769907343,0.013511579232819473,0.673450350481982
2025-08-25,3373.800048828125,38.67699813842773,87.23014223474776,-0.7865648465084085,-1.1621552542260927,-0.5593740472477293,0.012636221230378775,0.019552128754793507,0.019129875911520156,0.0171197902789324,0.00890124343642127,0.013639613306958905,0.6526023308798552
2025-08-26,3388.60009765625,38.58200073242188,87.82852193584363,-0.29213050916345956,-1.0323361286999755,-1.095547767838326,0.02269578002320416,0.019618522365159485,0.03545259357632924,0.01307638649883236,0.00890253726379382,0.013659627148899057,0.6517408686745414
2025-08-27,3404.60009765625,38.68899917602539,87.99917728980687,-0.13754308037044155,-0.9860204098972262,-0.673405656205631,0.018304778698353674,0.03301172620190074,0.026097262887818218,0.029893979326344633,0.008658382829483002,0.01323913032187746,0.6539993654398247
2025-08-28,3431.800048828125,39.18999862670898,87.56826152296077,-0.4833305843539913,-1.048694034564217,-0.18254355902206498,0.028439614391105872,0.04208675443679932,0.030583485060515114,0.07217117045943033,0.008749660372254348,0.011619231278203404,0.7530326372509597
2025-08-29,3473.699951171875,40.20000076293945,86.41044490661535,-1.349307741621939,-1.2386998821042736,-0.10597805875710264,0.029427469091364733,0.03763778171215537,0.030690010036772852,0.09277739772868565,0.008420055995842982,0.01263197176437846,0.6665670374269776
2025-09-02,3549.39990234375,41.07099914550781,86.42107511845057,-1.3029636838439338,-1.2096517143563832,-0.8090671162971859,0.05204809146191658,0.05186107309879029,0.06189728061396549,0.10429656008517219,0.009450053458116885,0.013134823700032279,0.7194655728872601
2025-09-03,3593.199951171875,41.54199981689453,86.49559402555705,-1.193609580903691,-1.1697763135387542,-1.3329279102865712,0.06037887257842489,0.062479687432998254,0.07671968867040246,0.10228990140211658,0.00969782040145292,0.013080257898844525,0.7414089597048084
2025-09-04,3565.800048828125,40.9109992980957,87.15993522539313,-0.7214051774533976,-1.0236436965179496,-0.8392420644137388,0.0473476903448502,0.054970428647374225,0.05743234948934095,0.08327597718413804,0.009962434509472833,0.013829247250968011,0.7203887766758591
2025-09-05,3613.199951171875,41.07400131225586,87.96805365280423,-0.13987297944609717,-0.8504980220385281,0.3997921298434619,0.05285852898268173,0.06261209284078428,0.04807355834564597,0.07641910723609802,0.010218641169876117,0.013750067473134906,0.7431702564253926
2025-09-08,3638.10009765625,41.42599868774414,87.82166303530975,-0.2711479029330885,-0.8609639648209078,1.4112181286944008,0.0473271004390905,0.05786397439714497,0.030497460237238094,0.07832467098397289,0.010073921048584206,0.013776346868828617,0.731247633679884
2025-09-09,3643.300048828125,40.87799835205078,89.1261851290071,0.7268537792411857,-0.5904733815063617,2.705110010556524,0.026455217520677365,0.08654676052609322,-0.00469919888662218,0.08539110270603256,0.007672566156555917,0.013264455595754229,0.5784305357403285
2025-09-10,3643.60009765625,41.132999420166016,88.58094836307816,0.25230160695036763,-0.68050995069052,2.0853543375211103,0.014026535447307253,0.08799910534986499,-0.009845467202620806,0.08533210132466107,0.0076284354073264116,0.01326400453785403,0.575123099932278
2025-09-11,3636.89990234375,41.696998596191406,87.2221029039712,-0.8372310205405427,-0.9373573288355199,0.06216767857807781,0.01993938317965749,0.08282965290627087,0.01921241992571643,0.08306704073469207,0.0077455830773703275,0.013174206082077079,0.5879354724766185
2025-09-12,3649.39990234375,42.387001037597656,86.09714801730604,-1.627244401336573,-1.1544074993028464,-1.8709056354981897,0.010018806504227484,0.09420723068236914,0.03196668655094048,0.11597606167392094,0.007303627312921337,0.012776606731325107,0.5716406137018082
2025-09-15,3682.199951171875,42.516998291015625,86.60536018954964,-1.192762060509438,-1.0417876868754246,-1.2163028457601115,0.012121671293221281,0.10377696378053813,0.02633610867163605,0.12199813060309439,0.007294690189060198,0.012657660800921589,0.5763063415737196
2025-09-16,3688.89990234375,42.47100067138672,86.85691045723374,-0.9504126243889551,-0.9747035636714566,-2.26927467177336,0.012516085116374809,0.10721252105737644,0.03896967521786743,0.11910095734818493,0.0071865322729784365,0.012717437373056632,0.5650927983497634
2025-09-17,3681.800048828125,41.72200012207031,88.24601021178053,0.45764219199892886,-0.654240104938075,-0.33493815129763505,0.01048412288616607,0.11118493310263733,0.01431942017862009,0.1197229903965582,0.0069493313200018735,0.012663931815366347,0.5487499002142124
2025-09-18,3643.699951171875,41.70700073242188,87.36422871902563,-0.3885265143533733,-0.8382707770391918,0.14212581505442756,0.001869737691637452,0.08981876461072225,0.0002398766474138725,0.10613973496935514,0.007711351682761203,0.012646619587906615,0.6097559612005106
2025-09-19,3671.5,42.5359992980957,86.31512273333072,-1.4216804136981624,-1.0615312570262263,0.21797471602468477,0.00605581691446222,0.10027274040232248,0.0035151876011676464,0.11857361401608046,0.0075971674310822135,0.013054872746414623,0.5819411325298971
2025-09-22,3740.699951171875,43.79899978637695,85.40605880080773,-2.2181854321338004,-1.2529451079108156,-1.1993013887419153,0.01588724153379606,0.10855264919066188,0.03015268120732384,0.12296494210614961,0.008109022853155784,0.013405347925989845,0.6049095404255997
2025-09-23,3780.60009765625,44.19200134277344,85.54942032002988,-1.9052483168464238,-1.2011345832831408,-1.3074901372038568,0.02485841246444176,0.12057621760051407,0.04052178296204301,0.14259129378673907,0.00809325162074762,0.01298880847706849,0.6230942303165152
2025-09-24,3732.10009765625,43.777000427246094,85.2525312660173,-1.9896663293183898,-1.254096865912395,-2.993478945763229,0.013661808941562326,0.10136929413346363,0.04925459707500246,0.1346482711161907,0.009097817727215896,0.013335899593068325,0.68220502589452
2025-09-25,3736.89990234375,44.696998596191406,83.60516409847189,-2.9143762843709857,-1.6374795585940365,-3.759064620553744,0.025578382528973043,0.09760318250482847,0.0716905510168988,0.15528960552406912,0.009133300840088588,0.013692416051705772,0.6670335465705324
2025-09-26,3775.300048828125,46.22100067138672,81.67932312130228,-3.3613512657879134,-2.076949139673096,-4.63579961202845,0.028271836804609762,0.10009324410298803,0.08663253324475173,0.17940807070827347,0.009190688801456785,0.014911248987521396,0.6163594216117033
2025-09-29,3820.89990234375,46.61199951171875,81.97245220907409,-2.6570568395261973,-1.9689426668625338,-3.4336065917336356,0.021439824690229425,0.09995104817695744,0.06422520466361736,0.15950245341016367,0.009185198123474063,0.014340662083905128,0.6405002830226948
2025-09-30,3840.800048828125,46.25299835205078,83.03894202910264,-1.860714967774527,-1.6873242969901743,-2.5104782909272387,0.01592338507561153,0.08209842635425679,0.04663733134173542,0.1261717346632838,0.008275356735911543,0.014319895435330651,0.5778922599877534
2025-10-01,3867.5,47.290000915527344,81.782616306318,-2.231675080163171,-2.000346227492945,-3.4699149596992953,0.036279815332064924,0.07633865427908226,0.08024762898315929,0.1383660181014006,0.008074306664597354,0.014740988136815934,0.5477452793297893
2025-10-02,3839.699951171875,46.0,83.4717380689538,-1.3111703856608266,-1.5541932955501232,-0.13342602951809113,0.0275094467378294,0.0768130289396809,0.029151876965618495,0.12439199211008223,0.008042502488023065,0.015885083911008326,0.506292729272247
2025-10-03,3880.800048828125,47.59700012207031,81.53455131363692,-2.0094248448795695,-2.0664785355926742,-0.14477180766535014,0.027944798727387976,0.07406180152566955,0.029770005640215702,0.1588108925698477,0.007900191201327043,0.017118559409287706,0.4614985999955568
2025-10-06,3948.5,48.08200073242188,82.12012686355439,-1.6010129216085094,-1.907698212041341,0.14767465448029782,0.0333952997768876,0.08531923092047888,0.03153696979537557,0.16067209615991507,0.00846338337025927,0.017127540994191878,0.4941388476681673
2025-10-07,3976.60009765625,47.17900085449219,84.28750133816398,-0.6216508403893519,-1.3088652495931263,1.248559309061335,0.03535722950991915,0.09148300836087642,0.02002037782271371,0.15414165948576342,0.008463198072666473,0.017523585741241784,0.4829604053437719
2025-10-08,4043.300048828125,48.65599822998047,83.09972451324113,-1.0608555580877348,-1.6553296849477135,1.3171082069231232,0.04545573337508091,0.10969918225355801,0.028885542144377663,0.18289448656462914,0.008827977230116227,0.018319173007805795,0.48189823996719877
2025-10-09,3946.300048828125,46.84999847412109,84.23266120292351,-0.5278767187665834,-1.3056326390452635,0.7609231339697118,0.027762611405017568,0.08507249437494457,0.018478227698284444,0.12358203351356689,0.01090909320022659,0.020913683877104457,0.521624658014912
2025-10-10,3975.89990234375,46.9379997253418,84.70535441665112,-0.28409129446291476,-1.161375158418839,3.170803103014194,0.02450521859386745,0.08946676405354004,-0.013845418724675929,0.10736779145350162,0.01093298303098836,0.0207829868291363,0.5260544656488488
2025-10-13,4108.60009765625,50.130001068115234,81.95890704397951,-1.3885790673509815,-2.012753724061822,-0.16121981957488174,0.04054706791344809,0.11580037807253563,0.04259390841680144,0.1790578611639273,0.012695447857049196,0.025047861151091304,0.5068475819339996
2025-10-14,4138.7001953125,50.31399917602539,82.25742861013897,-1.176897758085798,-1.8608059320526278,-2.0300727280250044,0.040763489834391375,0.12193345031752378,0.066449018943874,0.18466714653894667,0.012669515536199548,0.024973970856914447,0.5073088139963048
2025-10-15,4176.89990234375,51.073001861572266,81.78293325434005,-1.2796396766897897,-1.9481704199644367,-1.3167912589010768,0.03304228029140366,0.134472227429409,0.049675347737548003,0.22412640123059235,0.01255446650231531,0.024211024945968114,0.5185433714736648
2025-10-16,4280.2001953125,53.02299880981445,80.72346512623581,-1.5766257182126633,-2.1984686686983954,-3.509196076687701,0.08461093742315118,0.17468514220988918,0.1317609506242181,0.2713213100599636,0.01254145062710485,0.024832185673774893,0.5050481980065812
2025-10-17,4189.89990234375,49.86399841308594,84.02655293772398,-0.21760241655661955,-1.1448101340611243,-0.6788014789271415,0.05382429267745126,0.14119566998331745,0.06233752407144855,0.17227758218714984,0.014147235245765347,0.02948665395100806,0.47978435495837923
2025-10-20,4336.39990234375,51.11899948120117,84.82951439490606,0.15744438180160242,-0.8767164185597288,2.870607350926548,0.055444628163604515,0.1592482580660488,0.019728673289715504,0.16712709720601882,0.015287470722406564,0.02933159670485764,0.5211946310401434
2025-10-21,4087.699951171875,47.45000076293945,86.14752129497434,0.8071097211727365,-0.4423025526212691,3.8900926848353663,-0.012322768437875276,0.08123045166983123,-0.05692249592536136,0.07372373554425549,0.021036847042038564,0.03434361553182654,0.6125402557731153
2025-10-22,4044.39990234375,47.46099853515625,85.21522991868581,0.4666917678824968,-0.7287707499516333,3.432296664345756,-0.03172209128728498,0.08367937528889535,-0.07072236200656368,0.08415373533946591,0.02094775883494209,0.034211397553344354,0.6123035109068303
2025-10-23,4125.5,48.48199844360352,85.09343947112598,0.4576397336908427,-0.7509188890023051,4.369974344890167,-0.03614321486222105,0.10398996703457963,-0.08564208868115553,0.08468129776692956,0.02122704313997977,0.03422411534725243,0.6202364304994056
2025-10-24,4118.39990234375,48.37699890136719,85.13136399263823,0.4986270724559962,-0.7206346003938761,1.1048110549142507,-0.017064846814121792,0.09088015497526492,-0.029821104585317615,0.04664542521069093,0.021244833924743665,0.03353475355101611,0.6335169242387333
2025-10-27,4001.89990234375,46.5620002746582,85.94776596231887,0.9332128435131315,-0.4281116645106861,1.1182515674128126,-0.07713771965985161,0.047371039447794416,-0.08914492170799992,-0.0010726687888164,0.022381582467982615,0.034684130142709685,0.6452974999197735
2025-10-28,3966.199951171875,47.125,84.16339418932361,0.06992638422131214,-1.029802715948602,-1.9841271056507281,-0.029723316645383413,0.032649422190569766,-0.006849331037172335,0.018852867468440726,0.02251609210879383,0.03471947350847478,0.6485147910810862
2025-10-29,3983.699951171875,47.72100067138672,83.47896932430594,-0.22962149453770678,-1.2534811705917879,-1.7362605943798712,-0.015008394975160377,0.030045236243535944,0.0054782272656541675,0.009113972246041158,0.02249296408684664,0.03447765405938127,0.6523925336714251
2025-10-30,4001.300048828125,48.428001403808594,82.6236873882936,-0.6838380316683538,-1.5318592958092798,-2.469752082832372,-0.030105429928948046,0.0420866473191297,-0.0011137544145944922,0.05278263921323023,0.022400456588726105,0.03393962912875209,0.6600088794060943
2025-10-31,3982.199951171875,47.99399948120117,82.97287148847988,-0.41398411702384497,-1.3769242535812194,-2.158492504158346,-0.03307108449919216,0.02612860777879278,-0.00791697353833154,0.008340848333144635,0.02236232255170957,0.033197159019737355,0.6736215752201585
2025-11-03,4000.300048828125,47.88800048828125,83.53449732792758,-0.00415039373247761,-1.1501561134944045,-2.4132686343912866,-0.00039977349625563985,0.013118918279884761,0.028478162574659294,-0.004034778944001283,0.022063187241824624,0.03313112207205684,0.6659354064084948
2025-11-04,3947.699951171875,47.130001068115234,83.76193213886016,0.19568360939545226,-1.049660736834853,-0.40146205046345074,-0.004664414358266034,-0.007267551620644075,0.00010612346133132,-0.0010385931344344401,0.02222671526846357,0.03304800578645005,0.6725584415619021
2025-11-05,3980.300048828125,47.86299896240234,83.16027276006581,-0.17977080593892464,-1.255751709072123,-0.3186965642401276,-0.000853453419038197,-0.015581331892066563,0.0029755933240678267,-0.016298078272485417,0.021965964125712736,0.032456862893474055,0.6767740985259955
2025-11-06,3979.89990234375,47.79399871826172,83.27195901319429,-0.09186196236896885,-1.1964930245340142,0.648271624900687,-0.00534829835884032,0.00851426731365823,-0.01309165497581355,0.020149418887645876,0.021262705737732954,0.031287081740000375,0.6796001594021692
2025-11-07,3999.39990234375,48.016998291015625,83.29133524975197,-0.11972782536879224,-1.166065010349095,0.31846376127208487,0.004319208322729695,0.005910611579065916,0.0004792017765358203,0.022987740678929613,0.021226464804879913,0.031295212968666025,0.6782655489877212
2025-11-10,4111.7998046875,50.17699813842773,81.94591062111596,-1.1088036659770149,-1.6451019307551502,-1.5885867068116255,0.027872848160986896,0.0007787827861551744,0.047798981515351,0.000937503876144552,0.02082580686764862,0.02906876392830065,0.7164324881173607
2025-11-11,4106.7998046875,50.61800003051758,81.13318981807878,-1.5863495861537407,-1.9112865696841013,-2.6287423207813845,0.04030191136193029,-0.007707828332463085,0.07400803911209919,0.006042072971155221,0.020760482816483777,0.02912103408743343,0.7129033520633983
2025-11-12,4204.39990234375,53.33200073242188,78.83446794801733,-2.7432122499247775,-2.673730597724466,-4.3258048120484744,0.05630225127917288,0.0065838302671723525,0.11426366689466305,0.04423078316352713,0.021353199057137305,0.03131400335839028,0.6819057535617183
2025-11-13,4186.89990234375,53.07400131225586,78.88796395264266,-2.3459332357055733,-2.557860996488692,-4.3839950605516265,0.05201135834549464,-0.0217981142730026,0.11047417532730308,0.0009618939627376033,0.02059481400436112,0.030201897593607058,0.6819046366384771
2025-11-14,4087.60009765625,50.59000015258789,80.79857848047767,-1.2589629966876819,-1.8060300371682698,-2.492756769274294,0.022053357370142468,-0.02441581113436042,0.053585229255234346,0.014559637466044606,0.02073787358843192,0.028974816351613378,0.7157206222388082
2025-11-17,4068.300048828125,50.625,80.36148244598765,-1.418608312302104,-1.900444386036579,-1.5844281751283091,-0.010579249459028772,-0.061825444966623455,0.008928430918412555,-0.009663715765462877,0.01893267105392968,0.02841746547045093,0.6662336257121967
2025-11-18,4061.300048828125,50.45000076293945,80.50148637086947,-1.2516230779615427,-1.7932897425996546,-0.6317034472093042,-0.01107912681973,-0.006458375775888703,-0.0033189629672614185,0.0632244457695168,0.013963673884387367,0.02292306487697922,0.6091538788258007
2025-11-19,4077.699951171875,50.790000915527344,80.28548686096312,-1.276047105251502,-1.8115891614378508,1.4510189129457842,-0.030135085651877613,0.008233619234543799,-0.04766368750439909,0.07014185295543607,0.013774243914928281,0.02292312451155705,0.6008885877657638
2025-11-20,4056.5,50.24700164794922,80.73118528387975,-0.9858343465487165,-1.613427917921634,1.843221331237089,-0.031144738442577702,-0.01672524542479703,-0.05326524464726634,0.03640533107146626,0.01302462017317871,0.022732195111202017,0.5729591933143496
2025-11-21,4076.699951171875,49.87300109863281,81.74162094455613,-0.4418179890864379,-1.238086818144419,0.9430424640784594,-0.0026666372012822404,-0.010125279759292893,-0.014172742672316496,0.030923832218607172,0.01308470586880575,0.022813995909710602,0.5735385383862696
2025-11-24,4091.89990234375,50.29499816894531,81.35798889183174,-0.6216514476652503,-1.3358382819215795,0.9965064458440906,0.0058009127233431546,0.0224893181229473,-0.006518554687499956,0.08017262729837715,0.011338807749961289,0.020881381415501183,0.5430104227464561
2025-11-25,4139.2001953125,50.93399810791016,81.26595886981181,-0.6466419126903659,-1.3342383497349657,0.7644724989423395,0.01918108624031678,0.04361863906773267,0.009593604314199533,0.08082754605644915,0.011303953020793765,0.020894236119466433,0.5410081974838153
2025-11-26,4165.2001953125,52.91600036621094,78.7134357564211,-1.7630544001634276,-2.1096490941931108,-1.5720511045420125,0.021458235080655808,0.045560721531558546,0.04185862201931245,0.10886191868853912,0.011330922329884198,0.022241764658987723,0.509443495316612
2025-11-28,4218.2998046875,56.44599914550781,74.73159955612564,-2.9678484380028602,-3.1771010723546858,-5.999585727754109,0.039886553602243247,0.054232312801167915,0.1233704956365611,0.16556532397119827,0.01156394276242015,0.026090343850846805,0.4432269206005433
2025-12-01,4239.2998046875,58.417999267578125,72.56838402270142,-3.0337077185531567,-3.523563661170418,-9.17323692185471,0.03988516581135304,0.06456226625184058,0.17133515089749762,0.21719381379040814,0.011436802757665536,0.026431860448726273,0.43269004010713386
2025-12-02,4186.60009765625,57.983001708984375,72.20392139525165,-2.65333924737506,-3.3530588297635657,-9.154067496580083,0.0231433313552607,0.04657151877462318,0.15285821294225688,0.2108044002207503,0.011949797026939121,0.026586796739237868,0.44946358691279
2025-12-03,4199.2998046875,57.92100143432617,72.50046961720584,-2.2757056314071926,-3.0602394864611444,-8.765489252605974,0.014519618897163022,0.06373327675041196,0.13717759425861575,0.22896244688420664,0.01137964847830456,0.02603293883473464,0.4371250034637342
2025-12-04,4211.7998046875,56.84700012207031,74.09009790566431,-1.6975979951717728,-2.528691321052568,-4.623337850756798,0.011187843846603762,0.05816138306646823,0.07428754495151679,0.18770242889972577,0.011316107755686361,0.026801976687807975,0.4222116856341412
2025-12-05,4212.89990234375,58.422000885009766,72.11153056253366,-1.9923087493517733,-2.8432155643970574,-2.6200689935919854,-0.001280113456551768,0.058544185963769424,0.035006940605447845,0.22237106021194175,0.01131136244717638,0.02699755447691271,0.4189772987345735
2025-12-08,4187.2001953125,57.77899932861328,72.4692404501183,-1.7460690565760095,-2.632860903040226,-0.09914357258311668,-0.012289673242121713,0.04695711795629487,-0.010938408486705686,0.203303025700051,0.011475725105964616,0.027398174372484565,0.4188499916070852
2025-12-09,4206.7001953125,60.16899871826172,69.91474488399184,-2.1249287171606355,-3.035886897053907,-2.289176511259811,0.004801055077484628,0.02308001243562785,0.037700652688676284,0.19913508082464748,0.009779536154935998,0.027163425321036553,0.36002588183760076
2025-12-10,4196.39990234375,60.37900161743164,69.50098196277949,-1.9972832809693313,-2.9572098405192992,-2.9994876544263462,-0.0006905680657791624,0.021817498275416458,0.04243711472931766,0.1928365715956608,0.009799339300087534,0.027196206023434404,0.36032008625187084
2025-12-11,4285.5,63.92900085449219,67.03530389524092,-2.2286397362806336,-3.2436223724881152,-7.054794010423393,0.01749850390098695,0.019289339629905422,0.12458002563397108,0.19869871702803232,0.00950322736805424,0.02766193595769493,0.3435488890794954
2025-12-12,4300.10009765625,61.36199951171875,70.07757458808082,-1.496586130174724,-2.5202987275038615,-2.0339559744528373,0.020698378156098096,0.027036757016601465,0.05032348399870279,0.15615928693036052,0.009437365927038196,0.029676581008095806,0.31800718298592656
2025-12-15,4306.7001953125,62.93999862670898,68.42548918462997,-1.6658125669418802,-2.698895392588013,-4.043751265488339,0.028539356712339314,0.05360115775070007,0.08932309936250271,0.2441193602860532,0.007365100129197244,0.02697475845180464,0.2730367407128538
2025-12-16,4304.5,62.70000076293945,68.65231176431328,-1.504231096228549,-2.538188079203084,-1.2624331196785619,0.023248579681641512,0.05805863587665128,0.042064885548935615,0.2385185335889275,0.007201971789669087,0.02708676278576789,0.2658852904140024
2025-12-17,4347.5,66.23699951171875,65.6355214162567,-1.8781546825886242,-2.911798227623786,-3.8654605465227974,0.036007077774417695,0.07047003366679516,0.09702044978159896,0.31292365728518323,0.0072863201723061734,0.02865648962896244,0.2542642265904775
2025-12-18,4339.5,64.59200286865234,67.18323952307782,-1.488784889193271,-2.521305465003269,0.14793562783690106,0.01260063003150158,0.06420287219830567,0.010370911562800789,0.2717464403294685,0.007378717287150343,0.029924392229445918,0.24657868505979572
2025-12-19,4361.39990234375,66.84500122070312,65.24646305179428,-1.6874638107579216,-2.6997184105789658,-4.831111536286542,0.01425543668644158,0.07516329405737698,0.08935500395382734,0.33032815946006466,0.007120292997542741,0.029799495030535524,0.23894005553606132
2025-12-22,4444.60009765625,67.90599822998047,65.45224595040209,-1.5387759084519004,-2.5412379789445536,-2.97324323422788,0.03201985187959977,0.09024459756441483,0.07890053561526678,0.36157834367505104,0.007912108356807139,0.029336441498814335,0.26970238899380194
2025-12-23,4482.7998046875,70.48500061035156,63.59934405716877,-1.7070031813041477,-2.6882240400040085,-5.052967707144511,0.0414217225432687,0.09553017221165438,0.12416267548139559,0.4014316169887562,0.007966332570299195,0.029680102985348483,0.26840650028174623
2025-12-24,4480.60009765625,71.03099822998047,63.07950344649805,-1.6523832560297465,-2.6302641351485248,-2.556017969758642,0.030615318609833242,0.08247967873850937,0.07237644750821715,0.3945694598623939,0.007867531337583281,0.029742303397113107,0.2645232695174151
2025-12-26,4529.10009765625,76.48600006103516,59.214759485946026,-2.036003613505584,-3.003567569639609,-7.9684800371317905,0.04369169205121559,0.08736672555458003,0.18414039918485292,0.4454229256123945,0.008001318559016549,0.03229586535436879,0.24775055479150299
2025-12-29,4325.10009765625,69.85600280761719,61.91450875836021,-1.5010959270544022,-2.5088684952585374,-3.331954293434066,-0.008322970949761532,0.02531832679366941,0.04504452886420918,0.2375722613668465,0.013385452126448247,0.03808382457976325,0.3514734214367989
2025-12-30,4370.10009765625,77.3740005493164,56.48021385259573,-2.0745764113904928,-3.0414551443100026,-8.972032097806355,-0.016761912964742498,0.03085422097869106,0.13942807065835638,0.32448905336370926,0.013517469466229138,0.04352649331035888,0.31055728220155315
2025-12-31,4325.60009765625,70.13400268554688,61.676218838535846,-1.257947826685154,-2.276034602427665,-1.9231252186329257,-0.0350673047827994,0.033201164849208986,-0.004979753447758917,0.20956143384138937,0.013403427105229371,0.04969208835701089,0.2697295997892656
2026-01-02,4314.39990234375,70.55599975585938,61.14859001746988,-1.2502985419301431,-2.249602453851112,-1.9309134290281733,-0.03709328922244981,0.027409354656642737,-0.006687199757254847,0.2181419175885524,0.01343338834106768,0.049628711986003174,0.27067775494266927
2026-01-05,4436.89990234375,76.16400146484375,58.25455355561593,-1.5487260780142595,-2.486285065997057,-0.9602059303300976,-0.02035728805380399,0.05344510852717321,-0.004209902412656619,0.33980687285684574,0.014726415724142298,0.051358546120542754,0.2867373949717771
2026-01-06,4482.2001953125,80.52999877929688,55.65876397932854,-1.7781633132766341,-2.655513779190383,-6.255744779031673,0.03632288134588646,0.06392278459284806,0.15279998200120004,0.37841904692380535,0.014807119402855303,0.05213524680032531,0.28401360522115937
2026-01-07,4449.2998046875,77.13500213623047,57.681981998645135,-1.4238439966631107,-2.324634625535645,1.2017681460494032,0.018123087632186285,0.06259543302190718,-0.0030888723781783423,0.33500065824144043,0.014850678907142577,0.05347887524953665,0.2776924315974885
2026-01-08,4449.7001953125,74.71600341796875,59.554847579579906,-1.107292148511727,-2.0415220270093064,-2.1213712589559393,0.02868968347848222,0.057764991256275655,0.06533208653391354,0.2417691005267122,0.014861335133223822,0.05412585428539161,0.27456998747518796
2026-01-09,4490.2998046875,78.88400268554688,56.922818972397465,-1.4588087513552934,-2.237573778898799,-4.225771045072413,0.04077042145495002,0.07003619988161813,0.11803394407994183,0.3064807395353284,0.014866683827145953,0.05493604853166636,0.27061800447071593
2026-01-12,4604.2998046875,84.61000061035156,54.417914802900846,-1.7643401128630452,-2.396457025965504,-3.836638752715082,0.03772902387437749,0.07439034061078065,0.11089227171718874,0.32349949912295806,0.015153873539819035,0.0555987368899907,0.2725578742877367
2026-01-13,4589.2001953125,85.87699890136719,53.43922416971465,-1.7803899104413055,-2.391382274201514,-2.2195398096138916,0.023872204573080147,0.06723101581142799,0.06639761831767155,0.39951435065225716,0.015234323411125555,0.05403461644701936,0.2819363662192869
2026-01-14,4626.2998046875,90.86900329589844,50.91174808666926,-1.9794515687497138,-2.525563574827735,-6.770233911975872,0.03978154041530857,0.07420985786817913,0.1780514783082774,0.44374015377460796,0.015263161014568536,0.054748909678724166,0.2787847484842226
2026-01-15,4616.2998046875,91.8759994506836,50.244893468238104,-1.8957414843395586,-2.476039084263884,-9.309954111341803,0.03744063691088728,0.07243577760192821,0.22966961892648508,0.4653269271567444,0.015291551586865449,0.054509296496325195,0.2805310757935822
2026-01-16,4588.39990234375,88.09100341796875,52.087043220213914,-1.5128521928252947,-2.2167312757989888,-4.835775752183551,0.021847115320416277,0.05541113337406545,0.1167156891001524,0.3299365017641471,0.015359896913144117,0.05550455047464172,0.27673220991424063
2026-01-20,4759.60009765625,94.20600128173828,50.5233215814128,-1.6354793985549532,-2.271660971500385,-3.8945932214880443,0.033729405024981896,0.0968084105671736,0.11341449712993734,0.4584777851416981,0.017128665599096884,0.05587074594631791,0.30657664058315165
2026-01-21,4831.7998046875,92.20999908447266,52.39995502289439,-1.2803822955986484,-2.0299967211184744,-1.03926914682026,0.052863156770279085,0.10785525585282008,0.07374501046990645,0.37945990576051525,0.017286075508689654,0.05651605122506953,0.30586134618375205
2026-01-22,4908.7998046875,95.97599792480467,51.14611893416778,-1.3893827862380874,-2.066916569933917,0.23437084749851778,0.061063919747216255,0.1044412763425071,0.05620172384059541,0.41336554099032896,0.017167988954694638,0.05674810083807905,0.3025297534393361
2026-01-23,4976.2001953125,100.9250030517578,49.30592068211813,-1.5577936025105918,-2.146999029973883,-0.9389727861199759,0.0779629586145052,0.11006522979435074,0.09849148477488345,0.4318649666995358,0.017260856627463645,0.05706789485048167,0.3024617724674657
2026-01-26,5079.7001953125,115.08000183105467,44.14059883983881,-2.1171038192345124,-2.4757572616728094,-7.946444380375105,0.10707442756194685,0.13370978989391014,0.3063763309066896,0.6201377525127076,0.01753426849546494,0.0629957078969119,0.2783406851171281
2026-01-27,5079.89990234375,105.52300262451172,48.14021375433976,-1.428810984852584,-2.07029237234028,-2.38310782707304,0.06729552864015265,0.12161351986292623,0.12013036525059717,0.37963813691793646,0.01755820076004478,0.06630289902316236,0.26481799466884504
2026-01-28,5301.60009765625,113.11100006103516,46.870773795612145,-1.5195800032874922,-2.0990122150787176,-5.529181227282244,0.097230910211342,0.22577512148890166,0.22666740249520334,0.6192022949343645,0.015032112318724242,0.06245940828855116,0.24067010448255616
2026-01-29,5318.39990234375,114.03700256347656,46.6374929434274,-1.4614140839889793,-2.0457120916395253,-4.508625990740384,0.08344200496119547,0.216997273173694,0.18818251468270564,0.47384136472033656,0.01511721473220614,0.059527833024219455,0.2539520416618485
2026-01-30,4713.89990234375,78.29000091552734,60.210752934208195,0.6046417740483381,-0.950649260650576,10.904832252090067,-0.05271096070769676,0.08976784629210033,-0.2242754664532678,0.11629164054059116,0.03136066839296826,0.09283917368376512,0.3377956432463631
2026-02-02,4622.5,76.77799987792969,60.20604870339643,0.6518643583073753,-0.9300570114075025,16.065449863557625,-0.09000535026346634,0.07141203982710964,-0.33282934779020035,0.08818527330914328,0.031791071060180455,0.09307253403887666,0.3415730686660066
2026-02-03,4903.7001953125,83.04199981689453,59.050844224910676,0.5388619063775604,-0.9992247226535765,10.910630470570915,-0.03468566515453497,0.10520865992991357,-0.21304362317676429,0.0903051076593655,0.03386324375762978,0.09315751009649194,0.3635052474304482
2026-02-04,4920.39990234375,84.16500091552734,58.461353874185015,0.4982998186463548,-1.0229656598348484,11.59058007857287,-0.07190285730548074,0.0977644210291011,-0.25590790577298794,0.04513848492898487,0.0338484840409185,0.09247640721942724,0.36602291393742303
2026-02-05,4861.39990234375,76.52899932861328,63.523630845727396,1.4261504376725833,-0.6067558379221542,16.8861379023,-0.08592810025410202,0.09262133723200394,-0.32891081308442105,-0.007856391921100991,0.033955279239711755,0.09444927722648633,0.35950808981087373
2026-02-06,4951.2001953125,76.73500061035156,64.52336164632261,1.5860443726299491,-0.5133674326674972,4.312608712114418,0.0503405455959649,0.11270422230430288,-0.019862055013303404,0.027022285722221318,0.034063713553351416,0.09407542673941789,0.36208938650584527
2026-02-09,5050.89990234375,82.06500244140625,61.547550747348744,1.0787275713650595,-0.7328944416795125,1.3415020439523104,0.09267710164277987,0.12484691936850845,0.06886090510149301,0.04032502975970553,0.03420678474470553,0.09450366764372668,0.36196251000186697
2026-02-10,5003.7998046875,80.21800231933594,62.377517016294135,1.1873571361154518,-0.6507820894169984,3.3266727913834586,0.020413076939468366,0.08676672174850153,-0.034006858021066844,-0.05190873725721601,0.03407729374713536,0.09340874892012811,0.36481907895238114
2026-02-11,5071.60009765625,83.75399780273438,60.553528556348795,0.8807550093404127,-0.778338086160491,2.0921746821637797,0.030729249311723272,0.1051163343966739,-0.004883301946440599,-0.02472141697768404,0.034076529977075255,0.09384544564503235,0.36311330552969756
2026-02-12,4923.7001953125,75.5459976196289,65.17486498891887,1.5771398638777792,-0.394771319909529,1.6512341431914734,0.012815298930399566,0.06428472065810897,-0.01284482637442308,-0.16862742101806638,0.034939630099518344,0.09554596668090816,0.3656839876475908
2026-02-13,5022.0,77.85099792480469,64.50784362264292,1.4194276684238216,-0.4345585916539411,-0.015518023679689463,0.01429952373053478,0.08788428232077616,0.014543523888401078,-0.15265141723336706,0.03509345697055703,0.09580839412602767,0.36628791548676437
2026-02-17,4882.89990234375,73.4469985961914,66.48195291396091,1.6545696370649152,-0.2609451894560501,4.934402166612166,-0.0332613996016915,0.06418359477550539,-0.10501436165030309,-0.16623723483197683,0.035774018041707906,0.09618958044209065,0.3719115716826009
2026-02-18,4986.5,77.50900268554688,64.3344621557082,1.2443642716744239,-0.4212475893487832,1.95694513941406,-0.0034573334990928295,0.04767205178760325,-0.03377046991278765,-0.17723922434894923,0.035154906001449715,0.09567276273922061,0.3674494704127335
2026-02-19,4975.89990234375,77.56500244140625,64.15135364822065,1.1441163476072271,-0.42105580849353796,3.5978250918718544,-0.018869822831008687,0.029823275690448403,-0.07389492470443082,-0.1588222187232674,0.03505086074165192,0.09559999483635839,0.3666408225403109
2026-02-20,5059.2998046875,82.28299713134766,61.48657658411959,0.7120703701529234,-0.6240131426273352,-3.6882884047992803,0.02754018400716074,0.0306592254702025,0.08917745114227338,-0.14267109578985793,0.03506850325264563,0.09619211790365699,0.3645673264806285
2026-02-23,5204.7001953125,86.52300262451172,60.15394793797902,0.5067933190504423,-0.7172496849448181,-4.353895684663904,0.036379967206790154,0.04591857060237303,0.11139233832407913,-0.14270002468922627,0.0354881493880388,0.09619106565162226,0.3689339456594355
2026-02-24,5155.7998046875,87.45700073242188,58.95239673793378,0.3145838467917053,-0.798736270874691,-7.529556176027128,0.05588889958869747,0.01498112220190162,0.1907498250984616,-0.24003302623496003,0.03532711444229846,0.09024023539564556,0.3914785271493555
2026-02-25,5206.39990234375,90.93900299072266,57.25156127866161,0.04407080202703936,-0.9203277259285431,-7.082900877046583,0.04409904789807473,0.02490206547999807,0.1732701988136931,-0.13820682951644303,0.03537547983084993,0.08911809479895458,0.3969505846220684
2026-02-26,5176.5,86.99800109863281,59.50136709613837,0.3544844256869925,-0.7142468837062274,-4.649986552082282,0.04031433541534124,-0.023596668053396663,0.1216141089449767,-0.23086171060561456,0.034001490414921474,0.08773598076378016,0.3875432874736636
2026-02-27,5230.5,92.68199920654295,56.43490693747086,-0.140280907041384,-0.9515457614556375,-5.051669646648726,0.03383871324523624,-0.016527509017329356,0.12638093455195198,-0.18726380803499942,0.03408279136076398,0.0892342380464647,0.3819474688966012
2026-03-02,5294.39990234375,88.28399658203125,59.97009772234686,0.36103663151477194,-0.6352664599157989,-0.18385021563216242,0.01723436579729154,0.12314644180530343,0.020352899276528946,0.12765353876144592,0.021243045385103455,0.053741805614257926,0.3952797108749838
2026-03-03,5107.39990234375,82.9229965209961,61.592080805359664,0.5704982646719363,-0.47979027448738726,2.6396840674258826,-0.009387467352736656,0.1048999247904272,-0.05184266752181166,0.08003590420219875,0.02250761526962628,0.05559165274316114,0.4048740082187097
2026-03-04,5120.2001953125,82.63300323486328,61.96313815146757,0.5800668901970675,-0.4308786564452968,4.711576872805956,-0.016556489829458898,0.044150333702487554,-0.09133594478385398,-0.004925177415441295,0.018312989881294095,0.052626504979020786,0.3479803549294115
2026-03-05,5065.2998046875,81.68699645996094,62.008643042350904,0.5419536789214545,-0.40999036561274993,2.5072759462125376,-0.021481733857335983,0.029448806036015407,-0.061047432947920255,-0.029442219789832413,0.018540092586581174,0.05261219583305816,0.3523915376086956
2026-03-06,5146.10009765625,83.81600189208984,61.397584965716604,0.3961997786943587,-0.44733612451715654,4.96267802824574,-0.016136105982936577,0.05856341815764665,-0.09566040213154148,0.09521884027499672,0.018513545563873062,0.04833876889074558,0.382995802100733
2026-03-09,5091.5,84.03199768066406,60.59001500057834,0.20799856835141628,-0.5031046457503255,0.6199172782314832,-0.038323493896622596,0.028336524307849054,-0.04816273691706219,0.09509346468068092,0.01837706458345669,0.04833914913421668,0.3801693847037237
2026-03-10,5229.7001953125,89.08300018310547,58.70592800605193,-0.24156263689677598,-0.658852703687641,-2.8861527993077374,0.02394570531135165,0.03539969043650659,0.07428583047586401,0.08551754746744833,0.018811515545562242,0.047731075896071,0.39411463480358544
2026-03-11,5167.39990234375,85.06500244140625,60.746485088307786,0.09911977311078154,-0.45204219147791574,-1.2166530631597823,0.009218332336782709,0.03269517247732234,0.029431330235337505,0.06042284751464044,0.018901538119581285,0.04867964790500353,0.3882841995173612
2026-03-12,5115.7998046875,84.66999816894531,60.42045488745314,-0.09619085503481385,-0.46589554258298166,-1.5881881548977645,0.009969794868462944,0.00871514042514443,0.036517461018982456,0.010936795738018201,0.018862822827803823,0.047783249303607514,0.394758060674198
2026-03-13,5052.5,80.91400146484375,62.442839416306164,0.4834485979651188,-0.2546529691222843,1.0452544505895602,-0.018188549752244265,0.026159148522105546,-0.0346234652302112,0.07105609846126493,0.017812790954422942,0.04317972036810681,0.4125267788343469
2026-03-16,4994.0,80.26300048828125,62.220449891219126,0.36249591804711956,-0.2579258212975606,1.6304348906407853,-0.019149562997152092,-0.005575467941059342,-0.044851928984309564,0.03098229473957792,0.017479868182979835,0.042808056598775034,0.4083312715363964
2026-03-17,5001.0,79.52999877929688,62.88193231183417,0.6015797582359771,-0.17290203526365863,4.176004305782243,-0.043731033667568364,0.02418646706223959,-0.10723708658411701,0.08282163055497405,0.016231253964693347,0.04062773545514897,0.39951165830081414
2026-03-18,4889.89990234375,77.23799896240234,63.30951044865933,0.7276915282124575,-0.10961021618312536,2.5630253603515456,-0.05370205620705604,-0.019372324808232255,-0.09201202908793471,-0.003496416077548914,0.016334340613183198,0.03945793146381156,0.4139684977699369
2026-03-19,4600.7001953125,70.9020004272461,64.88815784588994,1.3058461474363998,0.07592291190712146,4.467702958436796,-0.10068799191536482,-0.07540338720530193,-0.16260774819231016,-0.08590216985029409,0.020904698408475208,0.043565257544844346,0.47984792439151175
2026-03-20,4570.39990234375,69.36000061035156,65.89388497873867,1.6310350005517034,0.20712914104180316,3.4510455624325047,-0.09541812917491344,-0.09663390611696476,-0.14279359128608016,-0.15705549106782324,0.020346312663150436,0.04097631118621822,0.49653841632268786
2026-03-23,4404.10009765625,69.04900360107422,63.782239684451206,0.790214405006372,0.001028364695933525,1.5617897932320801,-0.11812172654059871,-0.15382251957130844,-0.13971564505421552,-0.2019578435028463,0.01989079861462034,0.03855736590771226,0.5158754532721275
2026-03-24,4399.2998046875,69.27400207519531,63.50578388573772,0.6452608622492292,-0.008031331595179518,0.6238515739035506,-0.12031597586732656,-0.14672796242247665,-0.12895758659022372,-0.20790786906651604,0.019949498102733748,0.03837462463084806,0.5198617131670136
2026-03-25,4549.7998046875,72.36100006103516,62.8764085743678,0.38119063799254765,-0.05998618139200263,-0.43310187429153046,-0.06955154593108104,-0.12611403464429816,-0.06314248125124522,-0.20429081382806424,0.02174263032736944,0.038717936968910176,0.5615647947572308
2026-03-26,4375.5,67.6709976196289,64.65842316370441,1.036024195743674,0.1653578030475393,-0.22973468218552284,-0.04894911334191021,-0.15473775717183424,-0.04556998093350806,-0.2221545694721443,0.02287375689368218,0.0399505618451738,0.5725515696707386
2026-03-27,4492.0,69.54499816894531,64.59127353900574,1.0262948199542898,0.18292134028867388,-1.302611439732928,-0.01715383861782982,-0.1411910907179046,0.0026672081454126584,-0.24963856234948656,0.023831526286445175,0.036899558432532065,0.6458485493808617
2026-03-30,4526.0,70.3239974975586,64.35925375483848,0.936223767869997,0.18085719493278,0.5770140703872713,0.027678731100735376,-0.14513446594836765,0.01846505858144698,-0.20343436839976636,0.02365309749071856,0.0363950014933956,0.6498996158857353
2026-03-31,4647.60009765625,74.69000244140625,62.2251967564502,0.13596819154571246,-0.0573705048268644,-1.2805871292875182,0.05644086649975155,-0.09002619992151017,0.07818229355844042,-0.09928481151190971,0.023895383892308754,0.037836786917520654,0.6315384005623318
2026-04-01,4783.2001953125,75.86699676513672,63.04717992357029,0.5166621556435383,0.07233344335562021,0.17077134920248938,0.05129904625353743,-0.06581773898382348,0.04845146834820313,-0.08188019562227344,0.02502063377478756,0.038108435958925393,0.6565641739208525
2026-04-02,4651.5,72.73500061035156,63.951329634525415,0.918050217408076,0.22076738417342634,-0.7070935291789979,0.06307850531367842,-0.08169305285830541,0.07483269301254958,-0.10958899503664843,0.02556668239960874,0.039006545845143764,0.6554459474855485
2026-04-06,4656.7998046875,72.66100311279297,64.08939603350461,0.9265078471807672,0.27625259350724135,-0.5018775055011275,0.03668740086542743,-0.09508176749060859,0.04480559387287575,-0.13308913008829204,0.02517165251626083,0.03833360799692235,0.656647099805522
2026-04-07,4657.10009765625,71.82599639892578,64.83864242955217,1.166515658536406,0.42347417906864954,0.4793886747136895,0.02896599594702831,-0.08531864918859866,0.021358269649266237,-0.14525420814251222,0.025152449431219345,0.038289031178071295,0.6569100511904447
2026-04-08,4749.5,75.2239990234375,63.13809504490982,0.39365172499299683,0.21557532139479663,0.9128982884596155,0.021925273302911163,-0.09182174453191683,0.007149505483684537,-0.15557402794227304,0.024723675570928683,0.037197730956904915,0.6646554758829797
2026-04-09,4792.2001953125,76.2770004272461,62.82628011681395,0.192012601087516,0.20279655971028301,-0.2208998067563428,0.0018815854725922065,-0.07260899371482221,0.005404242682475413,-0.10330925482795861,0.024835879488069344,0.03641385646867477,0.6820447460552429
2026-04-10,4761.89990234375,76.3239974975586,62.390598743155074,-0.06726169111494779,0.15951443239996968,-1.5607308913703406,0.023734258270181607,-0.06917782474980338,0.04934346404193546,-0.0985709324657551,0.02479874798975845,0.03643403591319886,0.6806478439237271
2026-04-13,4742.39990234375,75.52300262451172,62.79411222461855,0.03509580018423216,0.24721661218542185,-1.2952838088860616,0.018381743095351677,-0.061375575983424024,0.03938838426543634,-0.06662627904608531,0.02470794906047164,0.03525367470450501,0.7008616624386749
2026-04-14,4825.0,79.39099884033203,60.77515172348247,-1.25008902918795,-0.06694172550686962,-4.063490706069693,0.036052457285220996,-0.03384060873047656,0.10532401666090063,-0.010864304133216818,0.025018732301189377,0.037228641796522494,0.6720291446014118
2026-04-15,4800.0,79.49099731445312,60.3841964771432,-1.429817269363173,-0.11248634203416498,-2.753898567766619,0.010632698178755673,-0.04019196160767846,0.056723895916330536,-0.0004903994145905033,0.02502297371120357,0.03716518918872037,0.6732906318366877
2026-04-16,4785.39990234375,78.60600280761719,60.87830103835312,-1.0863672279532082,-0.002241085939473653,-1.9479790784608255,-0.0014190335736394832,-0.02137058060225583,0.030533481486238134,0.01771153918527535,0.024560568987319766,0.03663399533580951,0.67043107807878
2026-04-17,4857.60009765625,81.73799896240234,59.42890894467135,-1.797356769867848,-0.23957193711745098,-2.961689798483725,0.02009706152483326,0.05583930520086855,0.07093445891663275,0.15283064610109665,0.02056150215393712,0.0318246241172531,0.6460878242640453
2026-04-20,4806.60009765625,79.95099639892578,60.1193270146766,-1.3477489377224434,-0.09187130175098068,-2.674785209941952,0.013537490855794587,0.05168042192355515,0.058631061008383556,0.15269601636931895,0.020675039874219408,0.031830181929788086,0.6495419950732608
2026-04-21,4698.39990234375,76.41100311279297,61.48852535554698,-0.6168216709310557,0.18358511460578972,0.7133736320645099,-0.02623836220854925,0.06682404989934687,-0.037535687559899666,0.10661992393477804,0.019492473649303656,0.03380825148888395,0.5765596501112376
2026-04-22,4732.5,77.89299774169922,60.75642403304892,-1.1415382243889893,0.06439954154634007,0.37222755590572376,-0.014062499999999978,0.07573936992370278,-0.02010290003574222,0.12441890764659713,0.01948018628669236,0.03394118106784961,0.5739395528915386
2026-04-23,4705.10009765625,75.46499633789062,62.34811271426301,-0.2226722645807837,0.38419098674818897,1.469811675909888,-0.016780165989507267,0.03413343435655114,-0.03995886265090931,0.04289598366851344,0.018209712810719956,0.033686475904286625,0.5405644942634904
2026-04-24,4722.2998046875,76.38300323486328,61.823960890452575,-0.5913299949167529,0.3062927657354281,2.3950519457812263,-0.027853320621026634,0.07925946856073596,-0.06551415248129866,0.12874061151283134,0.015566081426902427,0.02974006510528547,0.5234044166277224
2026-04-27,4675.39990234375,75.00299835205078,62.33617328734315,-0.2643556626416638,0.4271318573223813,2.216846272666551,-0.02729584168578425,0.040828117173586476,-0.061887884701102736,0.07848156340225043,0.014893336026012555,0.02978323837439954,0.5000576444640171
2026-04-28,4591.5,73.20500183105469,62.721124037349796,-0.03118478242478051,0.5255793682016998,1.2325986818028127,-0.02275240604581663,0.014471939902783948,-0.041957324876442104,0.040967584836116844,0.015482023496863763,0.030380706863481672,0.5096005029255433
2026-04-29,4545.2001953125,71.56900024414062,63.507945895675924,0.4532744620411669,0.6939792653780399,2.7515218626270013,-0.03957734911516109,-0.022032855708775223,-0.08118826699326154,-0.0417860770551457,0.014376981638670659,0.027374584780787158,0.5251945099368645
2026-04-30,4614.7001953125,73.53399658203125,62.75600959842494,-0.010562048484553086,0.5556712199309496,0.4078968841619286,-0.01921317303935377,-0.0352274613479755,-0.025588018943424107,-0.030751186715981316,0.013122839215593454,0.02788910781643864,0.4705363578485819
2026-05-01,4629.89990234375,75.95099639892578,60.95904098513227,-1.07884244707782,0.19476085782098457,-0.8649199053203063,-0.019566716677334006,-0.00464368432897988,-0.00565579798700977,0.04421524385216702,0.011658712718575697,0.02719941634335043,0.4286383417718431
2026-05-04,4519.5,73.0719985961914,61.84995739579458,-0.45653072064926153,0.39122398760431254,-0.4862158915485679,-0.033344720366186964,-0.029483724971233527,-0.025745634151792207,0.005656341996276071,0.012794444863726205,0.02866289597930539,0.44637655849443103
2026-05-05,4555.7998046875,73.10800170898438,62.316021477682234,-0.10008477534166747,0.4928721203179685,-0.4051025596675615,-0.007775279388544054,-0.021751796363520426,-0.0013250477377785286,0.017848764713798815,0.012965898085717346,0.02852017368045712,0.45462198901691714
2026-05-06,4681.89990234375,76.81099700927734,60.953510364905995,-0.9923131085221738,0.21205776070302118,-2.554435530769929,0.030075618489198597,-0.014233097727392341,0.07324395684241636,0.02109696382062043,0.013725802054588817,0.028812428367661132,0.47638476977506555
2026-05-07,4699.7998046875,79.70099639892578,58.96789271195165,-2.105245845426229,-0.20539177680800672,-3.78811688647329,0.01844098333006383,-0.019281412891594463,0.0838659681718088,0.04488896984020152,0.013583132442912187,0.029821264982831032,0.4554847841207404
2026-05-08,4720.39990234375,80.3949966430664,58.71509545925028,-2.0620951679846877,-0.25128183531736614,-2.2439455258819905,0.019546858875758133,-0.008715008893734666,0.058511414660038286,0.05333839000817586,0.013568520808465736,0.029847553623127,0.45459406756714354
2026-05-11,4718.7001953125,85.48500061035156,55.199159637616035,-3.308725959877724,-0.9863490677191246,-6.650797758178548,0.044075715303130814,-0.004997407962061051,0.16987358020349985,0.1319068050745984,0.013539938880607822,0.03253051224350601,0.41622273818669325
2026-05-12,4677.60009765625,85.12999725341797,54.94655525163246,-2.85286118755468,-1.018472939554891,-7.369466226049774,0.026735216249719418,-0.03054920255829019,0.16444158318385815,0.07228777187484403,0.013004249142359365,0.030856782211568515,0.42143892558842194
2026-05-13,4697.7001953125,88.88800048828125,52.84965540350783,-3.0038754481261405,-1.421533232269333,-8.103854961398163,0.003374760951390776,-0.02131245930989578,0.15723013564770194,0.11821468457182838,0.013034545422473372,0.03212438903138767,0.4057523213822915
2026-05-14,4678.10009765625,84.91200256347656,55.093508060407636,-1.9599523977926117,-0.946110940265126,-3.8743846515440126,-0.0046171556093957955,-0.022422327679437526,0.06538194501946037,0.08022287777808623,0.013046331321675758,0.033901631932199916,0.38482900610115756
2026-05-15,4555.7998046875,77.16100311279297,59.04277576624931,-0.5654833756225003,-0.1417899793231479,0.32768030699902795,-0.03486994768695839,-0.06212950570269582,-0.040226303443130385,-0.055995937112611416,0.013607232691924426,0.038986204708922945,0.3490268620276874
2026-05-18,4552.5,77.072998046875,59.06737917774026,-0.5095527181017244,-0.14001439812353716,3.8682195401242225,-0.035221605194922345,-0.05286483012808829,-0.09840325792145965,-0.03599702920137027,0.013503161352455642,0.03870905225163949,0.3488373020520989
2026-05-19,4506.2998046875,74.8280029296875,60.222104402837886,-0.0491347545039485,0.09716731341109885,5.275549151205425,-0.03662140614683618,-0.040886280786874396,-0.12101485558684011,-0.02071691403879028,0.012810135068143222,0.037960935471126896,0.3374557267664443
2026-05-20,4531.2998046875,75.85099792480469,59.73948832129578,-0.18895619673542027,-0.009087785465124803,6.889832917787949,-0.03542167096807047,-0.04251456847596413,-0.1466677447108885,-0.026215447807850456,0.012750610707847415,0.037825544755460835,0.3370899425316703
2026-05-21,4539.7998046875,76.41400146484375,59.410575518364304,-0.2741335173695175,-0.08932910825079221,4.317067457956668,-0.02956334624777246,-0.03513215224710964,-0.10008009282645369,0.012575434612147829,0.012748837507711955,0.03716469387392213,0.34303625777091656
2026-05-22,4521.0,75.89299774169922,59.570713168916605,-0.17933914272314622,-0.07085614844492095,0.5279374026672983,-0.007638571969666885,-0.042627493597014676,-0.016433241144366617,-0.0064151116401823804,0.012695248824012366,0.03711470075013918,0.3420544573288728
2026-05-26,4500.39990234375,76.30500030517578,58.97909552905784,-0.36577139351076304,-0.21886788678826455,-0.08828364868242033,-0.011444282845963771,-0.03742995329924048,-0.009964549987171,0.017359332049815324,0.012577055576597069,0.03687245800045401,0.34109620726782597
2026-05-27,4447.5,74.5989990234375,59.61876242605729,-0.09858338167043994,-0.10636418286685254,-0.6033419767805981,-0.01304835613163946,-0.031362299901992796,-0.003060403823220925,0.019042376306470654,0.01223101263572265,0.036815439042089254,0.3322250923515958
2026-05-28,4499.2998046875,75.6449966430664,59.47914606854443,-0.14186904845461432,-0.15811153251741117,-0.26034225275135014,-0.007061991344491703,-0.010098651028031203,-0.002715867785187287,0.056951981794093554,0.012394417399816794,0.036467073587501196,0.3398796826972396
2026-05-29,4560.5,75.61599731445312,60.311311917700685,0.19488285571307945,0.0045413500526599255,0.900736399336381,0.004559715450696,-0.011745117346421585,-0.010443166632986278,0.028313444518132336,0.012286940463054476,0.03602978983777657,0.34102170782500224
2026-06-01,4475.2001953125,75.00700378417969,59.66376430911908,-0.06471731055263935,-0.16679069447906986,0.09305114020247629,-0.010130458900132755,-0.03341318609349153,-0.011674251694932414,-0.012428969460622441,0.012897133562748983,0.03534122026379235,0.36493175579345527
2026-06-02,4489.10009765625,75.31099700927734,59.60749792096433,-0.08026099126725934,-0.20775819526602815,0.6284023919064907,-0.0025108445766375276,-0.006726386180716859,-0.013026712429369036,0.030640990476516583,0.011815194097633548,0.034201084545946364,0.3454625563631118
2026-06-03,4436.7001953125,73.47599792480469,60.382986561856804,0.24331106213408338,-0.052147724233197953,0.7642241357995161,-0.002428286607644714,-0.026142415049155043,-0.015053836021043487,0.005033596969113763,0.011907590149677053,0.034709494433107446,0.3430643500908809
2026-06-04,4475.7998046875,73.77899932861328,60.66495676841847,0.3572035018504706,-0.030451448240203054,1.1858106998740396,-0.005223034921015279,-0.04402061170788307,-0.024667822027382713,-0.039473484249890056,0.01010565247435819,0.03269541859593457,0.30908466410076035
2026-06-05,4337.10009765625,68.94300079345703,62.908490314333086,1.2345668355487787,0.5989729627771788,2.597178396632401,-0.04898583540044954,-0.07717343761525741,-0.08824847595735708,-0.1349794367892463,0.01185950707808793,0.03429812867615368,0.34577708860056383
2026-06-08,4335.89990234375,68.42500305175781,63.36718610102221,1.364467026736645,0.7643036334091765,3.703421791903132,-0.03112716457124276,-0.08145496312909628,-0.0877518151686274,-0.1488897828362673,0.011732471239930323,0.03410701743443656,0.34398995052802517
2026-06-09,4260.0,65.09400177001953,65.44381792735373,2.003206840328127,1.6200127615800475,5.836320006389407,-0.05103474920861373,-0.09720901441633589,-0.13566405498521295,-0.2385330607093994,0.012060955193911283,0.030919858414797136,0.39007148843021033
2026-06-10,4108.2001953125,64.5989990234375,63.5954156785306,1.3027972860816837,0.8745583473577279,3.212429116673796,-0.07404151408451476,-0.12172906842315412,-0.12081494844686436,-0.2411723116689769,0.013861428960325089,0.030877102644620402,0.44892259224782255
2026-06-11,4090.300048828125,63.8849983215332,64.02598663682582,1.4389102894117658,1.021976914304231,3.36102986840735,-0.08612980309254259,-0.12929734151414263,-0.1341032149678797,-0.28128658569661913,0.013644065544028323,0.027790881449137713,0.4909547604310214
2026-06-12,4215.0,67.85900115966797,62.11408844763821,0.7702052531340327,0.263095155629826,-0.7944018666948764,-0.02815247398191989,-0.09899319980097587,-0.015723128110372908,-0.20083145949903258,0.015995117776382843,0.03194780231003283,0.5006641026872689
2026-06-15,4328.0,70.06600189208984,61.770329162860556,0.6339230340149387,0.11469182304089001,-1.5968569381616575,-0.0018219752581187798,-0.05000215427664645,0.023982444532603786,-0.09195060891486528,0.016691798115585327,0.027133696243068887,0.6151686068148245
2026-06-16,4330.89990234375,69.89900207519531,61.95939532419496,0.6995226394704304,0.1970060341304049,-3.4844226031587766,0.016643169564260596,-0.04867657279654036,0.07381632983868625,-0.0930805360304855,0.016702200589213866,0.02712711630616749,0.615701293152805
2026-06-17,4358.89990234375,70.69599914550781,61.65695308120876,0.6029114703783418,0.09039891763728657,-1.9384625973218377,0.06102421866327279,-0.0327097416355705,0.09438226929581717,-0.05522001954351696,0.016707547968673384,0.026702754293783732,0.6256863162824675
2026-06-18,4224.10009765625,66.25499725341797,63.75519240457499,1.2858924884400722,0.915745048390682,-0.27079423225082877,0.03271154859811776,-0.06779505225265847,0.03709789456292323,-0.12651119871751415,0.017846253212409433,0.029587206999891615,0.6031746495191252
2026-06-22,4181.89990234375,65.5270004272461,63.819492347843195,1.221360217878627,0.9310671840206002,1.7054039002049848,-0.007852929455812618,-0.07883605395423077,-0.03436538546942103,-0.14247390306613517,0.017860544897204234,0.029423085647637688,0.6070248753341823
2026-06-23,4129.89990234375,62.02000045776367,66.58980767270808,1.9402152314282166,1.9602990883498301,4.819478509847521,-0.04577174160264552,-0.0865074314656602,-0.11483460190461547,-0.18279680203372783,0.017961319772439772,0.031188054750450948,0.5759038168990026
2026-06-24,3990.300048828125,58.05199813842773,68.7366529454002,2.345482164267415,2.691911582648239,6.777257621205237,-0.0786441296718271,-0.11334545031208709,-0.16948745454223968,-0.2392110883133035,0.0191305912196548,0.03322568658551591,0.5757771527284077
2026-06-25,4030.5,58.34799957275391,69.07691830933096,2.225974395142912,2.7008831555411397,7.4199652281222015,-0.0753400880270666,-0.0937605396290051,-0.17466334335750766,-0.21784473871529897,0.01939519878654637,0.033387527364859136,0.580911505503103
2026-06-26,4078.699951171875,59.21699905395508,68.87718081518453,2.0945489771766597,2.5645768652024654,5.121988410609539,-0.03442156746357661,-0.09348117968876668,-0.10622592243937967,-0.21717229583110986,0.01940917894326076,0.03342338864065874,0.5807064972355904
2026-06-29,4022.300048828125,58.17499923706055,69.14138550199941,2.0390211904611717,2.5529836823869587,5.321893154156214,-0.038164436558172254,-0.11801336501959758,-0.11219804267323963,-0.2306522256773691,0.019011768989288875,0.033340071714027496,0.5702377952981387
2026-06-30,4022.89990234375,59.47700119018555,67.6379074573716,1.465272893061693,1.9853682918521611,1.0480997846635205,-0.0259086182547128,-0.1010681697418826,-0.04100289017749903,-0.20704736638566668,0.018819668723676124,0.034235742834199445,0.5497082045164917
2026-07-01,4068.300048828125,60.084999084472656,67.70908064937404,1.3814241041216577,1.9430733413471348,-1.0275722960261504,0.019547402211747666,-0.09373817461718525,0.03502034402325216,-0.20217496155214942,0.019095245015866822,0.034405587646135716,0.5550041816539505
2026-07-02,4112.7001953125,60.64300155639648,67.81821627822613,1.312928369518786,1.9132487919942422,-1.258702031104832,0.020394540457139287,-0.07302724676828853,0.03933300199573986,-0.17465562538587764,0.01932980819955588,0.03452272479222898,0.5599154851156765
2026-07-06,4155.10009765625,61.91999816894531,67.1043317268726,1.0362187034495154,1.6362342503098302,-1.7728490883119292,0.018731494691690775,-0.07165193284457927,0.04564566185678243,-0.16073681220380498,0.019383241748944374,0.035064356029413275,0.5527904671252196
2026-07-07,4145.2998046875,60.930999755859375,68.03268978511831,1.2176199014223748,1.88133541747759,-1.1086957168811011,0.03057945811258178,-0.0442231649374194,0.04737431121517077,-0.11621195691206454,0.018274153747480353,0.03244641833496733,0.5632101996227545
2026-07-08,4070.89990234375,58.16400146484375,69.99002475447527,1.639243561185546,2.3940263893504756,2.352117297103675,0.011931691358274987,-0.06111764707869649,-0.02207575531831718,-0.1499598265147678,0.018605586602740882,0.033645376377236046,0.5529908892720589
2026-07-09,4130.60009765625,60.37799835205078,68.41233910358592,1.1271672309887597,1.8632579497101642,0.7032584542118769,0.015313533436667415,-0.030375563930457705,0.004876412949032405,-0.0724491241855223,0.018674516268830404,0.033654877297225355,0.5548829105483029
2026-07-10,4104.10009765625,59.80899810791016,68.62011114534042,1.1142338150627,1.8655081611799178,0.8018948671142851,-0.0020911073620324405,-0.0009980277156230732,-0.013752674291867106,-0.07414976993357825,0.016913161859754815,0.03366983895168186,0.5023238122411624
2026-07-13,3997.0,57.63399887084961,69.35142586508293,1.247171513782398,2.013568120273659,2.247094138210329,-0.038049648369585354,-0.022810074496822152,-0.06921833696444224,-0.09784768904934948,0.017884398549620772,0.034443452742478876,0.519239423623871
2026-07-14,4061.10009765625,58.77199935913086,69.09923334138394,1.102970607286436,1.8770939752409448,1.0665435562656285,-0.020312091042495206,-0.03651243234727164,-0.035433529818635456,-0.13391004354980063,0.01680471802216065,0.0312739303898607,0.5373394969123836
2026-07-15,4044.0,57.11000061035156,70.81071540501785,1.5146536669993145,2.2752598576897314,0.8206906505425735,-0.006607851578041224,-0.06561922365988915,-0.018121188844430924,-0.18491138258027195,0.015406032999600429,0.030198256687954384,0.5101629924798161
2026-07-16,3985.60009765625,55.89799880981445,71.3013020594302,1.571876703019091,2.3107216236992407,2.8889629558442778,-0.03510385817360406,-0.0797293432020062,-0.07419920607692954,-0.20030333552285895,0.015572077137678013,0.030250829682517914,0.5147652907740637
2026-07-17,4012.699951171875,56.03799819946289,71.60676826622147,1.5689360842005313,2.29388581019957,2.9866571208810484,-0.022270447676598137,-0.07942369839365337,-0.06305071189528133,-0.2073384791673366,0.015584108814411442,0.02997327867244819,0.5199334041736497
2026-07-20,4010.300048828125,56.80199813842773,70.60139044853554,1.1990281002259047,1.9624330665307974,1.2499645834526092,0.0033275078379095824,-0.05061434243633389,-0.014435936230735802,-0.14267601700794852,0.014245638391173246,0.02783101107808449,0.5118620502577057
2026-07-21,4071.10009765625,58.834999084472656,69.19520967122217,0.698867213788476,1.5523731849327465,0.095976329838237,0.002462386978782316,-0.026495087705327935,0.0010719343569858264,-0.10212586108231059,0.01465359007709411,0.02942425914448629,0.4980105023252555
2026-07-22,4146.89990234375,60.01900100708008,69.09311772541108,0.6155366491652282,1.4864824811626374,-1.7175976796067687,0.02544507970913701,0.004116322526449778,0.050936795055842365,-0.03226377678030323,0.015044858166104794,0.027576809150902014,0.5455619641771604
2026-07-23,4046.60009765625,57.79800033569336,70.01280449415925,0.8630464674947771,1.6731884748397907,-1.2884975652709443,0.015305097979064985,0.01410922691005645,0.03399051068614112,-0.004375349873895762,0.014015698476950372,0.024875895035389686,0.5634248921299492
2026-07-24,4067.60009765625,58.65599822998047,69.34670315741388,0.5943951912443062,1.4681175995643572,-2.2600651088075807,0.013681597715359262,0.009204837527912124,0.04671830034326008,0.0052786498163062134,0.01388744733510824,0.025074125737450093,0.5538556949312212
2026-07-27,4074.5,58.47200012207031,69.68292501528566,0.6558040023236456,1.5129979126930713,-0.9184654332498781,0.016008765027603067,-0.0010297279089304112,0.029400409111890013,-0.01258082887999723,0.013630954020673648,0.024854970809045356,0.5484196350660366
2026-07-28,4036.300048828125,57.29600143432617,70.44645259328634,0.8706168782250219,1.6545218999941547,1.251242922064165,-0.008548070053143508,0.0034805956368368918,-0.02615785967697326,-0.015109545582501771,0.013427426342635935,0.024953087621645057,0.5381068085132912
2026-07-29,4034.699951171875,57.86299896240234,69.72849702784164,0.5664041778494938,1.4513037051929416,0.6353793024305645,-0.02705634421232639,0.002933219596453318,-0.03592199151104514,-0.027136577088381242,0.013428217039024692,0.024503634765885747,0.5480091899557537
2026-07-30,4100.10009765625,58.81499862670898,69.71181150031208,0.5174674738616908,1.4228928407054655,-0.30099299384717426,0.013220975314804706,0.007816544612358367,0.017595734888903536,-0.02113673091645063,0.013684232030997036,0.02469385323476816,0.5541553965231344
2026-07-31,4049.10009765625,57.59099960327149,70.30786278323667,0.8028518688049792,1.5260203902152232,0.9611596258227877,-0.0045481363840707,-0.015464316540442002,-0.018156687446240216,-0.05032735641039632,0.013743149603312372,0.024963935512792346,0.5505201532134197
2026-08-03,4033.699951171875,57.66699981689453,69.94814996410015,0.5754285268114742,1.4093085126352112,0.26522494881449177,-0.010013510572616235,-0.029217141255598822,-0.013767278415227846,-0.06868537593374457,0.013509030445638991,0.024375944755830704,0.5541951534989282
2026-08-04,4095.39990234375,60.055999755859375,68.19301849927461,-0.8450807705471868,0.9858687767850561,-2.2534340940117232,0.014642086267294241,-0.012037706485625743,0.04817087148213606,-0.014360506203836887,0.014010240323553084,0.026118276538294596,0.5364151919829504
2026-08-05,4245.7998046875,62.0989990234375,68.37146929027058,-0.808924801014184,1.011574910409104,-1.3570277375710589,0.05232107866021396,0.042963449492593675,0.07320740606250964,0.06765348771563096,0.01566507019498253,0.0249250599277553,0.6284867615318627
2026-08-06,4242.0,61.43899917602539,69.04409344049512,-0.21031334821641864,1.1451822100776388,-0.6677180598169628,0.03460888733542489,0.026969423258126568,0.04461447947947095,0.01757263991741076,0.015398675975252992,0.0237280522938854,0.6489650218455205
2026-08-07,4340.7001953125,63.33200073242188,68.53881363470558,-0.6481826578363853,1.0143647695450633,-1.7690491485310957,0.07201602593747625,0.057649689828804807,0.09968573507489986,0.05890422404594298,0.0160192537097805,0.024479129874592227,0.6544045393707993
2026-08-10,4361.7998046875,65.10600280761719,66.9953555216138,-1.860483874490987,0.6541422889386068,-2.9527944424863506,0.08133967758814209,0.09126840247373025,0.12899930661111436,0.1296457660956578,0.014489840110750935,0.023209159443419936,0.6243155916988183
2026-08-11,4383.0,64.76899719238281,67.67126542010851,-1.214176554549499,0.7918753760474398,-0.5217530791661034,0.07022515615426461,0.07926421280025231,0.07847671266289447,0.10203834987145544,0.014233747947514034,0.023122059819620476,0.6155916928921632
2026-08-12,4408.89990234375,65.55500030517578,67.25497493431715,-1.5234695559450964,0.6885689721107354,-1.116494355953435,0.03841445785460307,0.09023241897718837,0.055653091613182326,0.14787251977884774,0.014108941647650856,0.021776110139674478,0.6479091792406669
2026-08-13,4363.60009765625,64.87300109863281,67.2637310400029,-1.480014587926061,0.6808481362877601,-1.7803624004922227,0.028665746736503905,0.09484142682109131,0.055892868840015764,0.16056035063714202,0.01384401904345711,0.02116004260868208,0.6542528906712519
2026-08-14,4380.39990234375,64.98799896240234,67.40321247432088,-1.339481588954362,0.7036633883777321,-1.1356011603846952,0.009145922373104964,0.09163405080025755,0.026147890652895356,0.1597130706040324,0.01383541340397814,0.021170103471484743,0.653535464416311
2026-08-17,4417.7998046875,66.12100219726562,66.81386636438783,-1.7724284592375088,0.5628347975429459,-0.18148915722596826,0.012838736876419343,0.10161328351938481,0.015589950939664865,0.1640612014409648,0.013809594710053347,0.02124358402378248,0.6500595518436681
2026-08-18,4366.0,63.94100189208984,68.28169516906051,-0.6415117227944243,0.8717327861942893,0.6104297489520008,-0.003878621948437133,0.07243739904934432,-0.012783821522411198,0.08678512598064647,0.014068520354347006,0.02203114053569169,0.6385743094668753
2026-08-19,4489.39990234375,65.73400115966797,68.29646489096247,-0.5873278495950421,0.8577923230821691,1.0414899566453215,0.018258522938388033,0.08259181751805134,0.002730544636700305,0.09521984799303351,0.014758936145944153,0.02239664607692463,0.6589797461303974
2026-08-20,4516.2998046875,68.0260009765625,66.39078793186056,-1.8996743698147462,0.4290008719089798,-0.8729431081423371,0.03499397369462587,0.1160726772342282,0.048602651712318146,0.17696115058418038,0.013174738249346429,0.02106291387842535,0.6254945695258839
2026-08-21,4624.10009765625,69.46600341796875,66.5663759268485,-1.638187210021395,0.45465618194442203,-0.8368365474723873,0.0556342344866978,0.13681285933704612,0.06890509828063918,0.18429496580390703,0.013792672203819531,0.021211849079301875,0.6502343172561115
2026-08-24,4640.7998046875,68.54100036621094,67.7083757151479,-0.7942674495360889,0.6902322381243645,0.8945093507600603,0.050477615523316866,0.13898633076144318,0.03659953855093545,0.17220208344369725,0.013764028704736796,0.021628971865200807,0.6363699944000555
2026-08-25,4638.10009765625,68.63600158691406,67.57532476280693,-0.8408074247296278,0.6452810679213741,-0.7063704062535834,0.062322514350950486,0.14909695551569513,0.07342705863051302,0.19791957324606724,0.013360818437569925,0.02066055121146758,0.6466825739941556
2026-08-26,4598.2001953125,67.98999786376953,67.6305388996458,-0.7487920523960873,0.6407498736029645,-0.6659259913166693,0.02423493013218736,0.13966348203339307,0.03432008799558295,0.17501683429763837,0.01372285623158388,0.021076761689146194,0.651089405193146
2026-08-27,4609.7001953125,69.42900085449219,66.39444812079913,-1.5296760693167943,0.3517528906093975,0.0036601889385678987,0.020680733047894417,0.12428967232959853,0.020624465024970062,0.1804642093957849,0.013561476873183959,0.021198605979914825,0.6397343714975001
2026-08-28,4478.10009765625,66.99500274658203,66.84230038164623,-1.1745500358471577,0.43964810056539255,0.27592445479773176,-0.03157371097437989,0.10594946769735802,-0.03557136656500881,0.16328945856283306,0.015102707101990446,0.022439858599250472,0.6730304041441197
2026-08-31,4431.10009765625,66.22100067138672,66.91381967549871,-1.0612770867960113,0.4420152343824836,-0.79455603964918,-0.04518611357021696,0.0985200067667209,-0.03384834890691091,0.14833441798000635,0.01538317476830591,0.022817845759039484,0.6741729666663091
2026-09-01,4348.0,64.61799621582031,67.28775657911049,-0.7154051919897262,0.5141266097787944,-0.2875681836964361,-0.06254718344755972,0.06167898219455692,-0.0585407844016923,0.07596237642377845,0.016033311084994083,0.02234900646347073,0.7174059889955465
2026-09-02,4366.2998046875,64.7229995727539,67.46133265624417,-0.5369164287802819,0.539817967052458,-0.16920624340163215,-0.050432860853123374,0.0283809895763254,-0.048051160371583745,0.04225511828823603,0.013960968934266993,0.021195792395084095,0.6586669973944893
2026-09-03,4491.7001953125,66.9729995727539,67.06732898282523,-0.7958179833181326,0.43950670953563653,0.6728808620261049,-0.025598194025718057,0.05886378955975946,-0.03537428526280417,0.09007308828181526,0.01520913444779828,0.022149109303025903,0.6866702511473218
2026-09-04,4429.7998046875,66.0469970703125,67.07041956762411,-0.7392530759763405,0.4295556412165773,0.2281191859778886,-0.010785889532489379,0.02052655225330202,-0.014150393871248834,0.04286926524493517,0.014859485454845415,0.021606396305216546,0.687735485591265
2026-09-08,4393.89990234375,66.2969970703125,66.27600187808987,-1.311608674116481,0.2431326576848262,-0.637817797408843,-0.008395250500474183,0.0073593697770706346,0.0011476177973042123,0.018293155950836137,0.014970139354575883,0.02075264921455944,0.7213604007758816
2026-09-09,4416.0,67.94200134277344,64.99661347508572,-2.216750408162182,-0.051937284984570564,-2.291143104024769,0.015639374425022945,0.007529089664613187,0.051440857371236604,0.04898955191425736,0.014972798556510649,0.021349274736680357,0.7013258642826758
2026-09-10,4364.5,64.28399658203125,67.89403633967542,0.25265227990245953,0.5890028509131694,0.43270368343125654,-0.00041220364336136406,-0.010070517210006846,-0.0067827973613797665,-0.019388356604800205,0.015151988580106532,0.02464309388562641,0.61485739779388
2026-09-11,4366.2001953125,64.55400085449219,67.6363995649801,0.09335534473922086,0.5168516042178858,0.5690705821548647,-0.02794042223275961,0.0005958606650611209,-0.036119014135449046,-0.004917303635384784,0.014972682684269727,0.02455627838669455,0.6097293103006378
